--------------------------------------------------------
--  File created - Sunday-May-03-2020   
--------------------------------------------------------
--------------------------------------------------------
--  DDL for Type TRIP
--------------------------------------------------------

  CREATE OR REPLACE EDITIONABLE TYPE "TRAINDB"."TRIP" FORCE AS OBJECT 
( /* TODO enter attribute and method declarations here */ 
    ID NUMBER,
    NEV CHAR(20),
    FROM_STATION CHAR(20),
    TO_STATION CHAR(20),
    TRAIN_START CHAR(20),
    DEPART_AT CHAR(20),
    ARRIVE_AT CHAR(20),
    TIME CHAR(20),
    CAN_BUY NUMBER(10)
);

/
--------------------------------------------------------
--  DDL for Type TRIP_TABLE
--------------------------------------------------------

  CREATE OR REPLACE EDITIONABLE TYPE "TRAINDB"."TRIP_TABLE" 
AS TABLE OF TRIP;

/
-- Unable to render SEQUENCE DDL for object TRAINDB.ISEQ$$_73824 with DBMS_METADATA attempting internal generator.
CREATE SEQUENCE ISEQ$$_73824 INCREMENT BY 1 MAXVALUE 9999999999999999999999999999 MINVALUE 1 CACHE 20
-- Unable to render SEQUENCE DDL for object TRAINDB.ISEQ$$_76362 with DBMS_METADATA attempting internal generator.
CREATE SEQUENCE ISEQ$$_76362 INCREMENT BY 1 MAXVALUE 9999999999999999999999999999 MINVALUE 1 CACHE 20
-- Unable to render SEQUENCE DDL for object TRAINDB.ISEQ$$_76365 with DBMS_METADATA attempting internal generator.
CREATE SEQUENCE ISEQ$$_76365 INCREMENT BY 1 MAXVALUE 1000000000000000000000000000 MINVALUE 1 CACHE 20
-- Unable to render SEQUENCE DDL for object TRAINDB.ISEQ$$_76368 with DBMS_METADATA attempting internal generator.
CREATE SEQUENCE ISEQ$$_76368 INCREMENT BY 1 MAXVALUE 1000000000000000000000000000 MINVALUE 1 CACHE 20
-- Unable to render SEQUENCE DDL for object TRAINDB.ISEQ$$_76371 with DBMS_METADATA attempting internal generator.
CREATE SEQUENCE ISEQ$$_76371 INCREMENT BY 1 MAXVALUE 1000000000000000000000000000 MINVALUE 1 CACHE 20
-- Unable to render SEQUENCE DDL for object TRAINDB.ISEQ$$_76993 with DBMS_METADATA attempting internal generator.
CREATE SEQUENCE ISEQ$$_76993 INCREMENT BY 1 MAXVALUE 9999999999999999999999999999 MINVALUE 1 CACHE 20
-- Unable to render SEQUENCE DDL for object TRAINDB.ISEQ$$_77033 with DBMS_METADATA attempting internal generator.
CREATE SEQUENCE ISEQ$$_77033 INCREMENT BY 1 MAXVALUE 1000000000000000000000000000 MINVALUE 1 CACHE 20
--------------------------------------------------------
--  DDL for Table ALLOMAS
--------------------------------------------------------

  CREATE TABLE "TRAINDB"."ALLOMAS" 
   (	"ID" NUMBER, 
	"NEVE" VARCHAR2(30 BYTE), 
	"PERON_SZAM" NUMBER, 
	"KAVEZO" NUMBER(1,0), 
	"JEGYPENZTAR" NUMBER(1,0), 
	"INFO_PONT" NUMBER(1,0), 
	"WIFI" NUMBER(1,0), 
	"MOZGASKORLATOZOTT_ELERES" NUMBER(1,0)
   ) SEGMENT CREATION IMMEDIATE 
  PCTFREE 10 PCTUSED 40 INITRANS 1 MAXTRANS 255 
 NOCOMPRESS LOGGING
  STORAGE(INITIAL 65536 NEXT 1048576 MINEXTENTS 1 MAXEXTENTS 2147483645
  PCTINCREASE 0 FREELISTS 1 FREELIST GROUPS 1
  BUFFER_POOL DEFAULT FLASH_CACHE DEFAULT CELL_FLASH_CACHE DEFAULT)
  TABLESPACE "USERS" ;

   COMMENT ON COLUMN "TRAINDB"."ALLOMAS"."KAVEZO" IS 'boolean';
   COMMENT ON COLUMN "TRAINDB"."ALLOMAS"."JEGYPENZTAR" IS 'boolean';
   COMMENT ON COLUMN "TRAINDB"."ALLOMAS"."INFO_PONT" IS 'boolean';
   COMMENT ON COLUMN "TRAINDB"."ALLOMAS"."WIFI" IS 'boolean';
   COMMENT ON COLUMN "TRAINDB"."ALLOMAS"."MOZGASKORLATOZOTT_ELERES" IS 'boolean';
--------------------------------------------------------
--  DDL for Table ALLOMAS_DOLGOZO
--------------------------------------------------------

  CREATE TABLE "TRAINDB"."ALLOMAS_DOLGOZO" 
   (	"ID" NUMBER, 
	"DOLGOZO" NUMBER, 
	"ALLOMAS" NUMBER
   ) SEGMENT CREATION IMMEDIATE 
  PCTFREE 10 PCTUSED 40 INITRANS 1 MAXTRANS 255 
 NOCOMPRESS LOGGING
  STORAGE(INITIAL 65536 NEXT 1048576 MINEXTENTS 1 MAXEXTENTS 2147483645
  PCTINCREASE 0 FREELISTS 1 FREELIST GROUPS 1
  BUFFER_POOL DEFAULT FLASH_CACHE DEFAULT CELL_FLASH_CACHE DEFAULT)
  TABLESPACE "USERS" ;
--------------------------------------------------------
--  DDL for Table DOLGOZO
--------------------------------------------------------

  CREATE TABLE "TRAINDB"."DOLGOZO" 
   (	"ID" NUMBER GENERATED ALWAYS AS IDENTITY MINVALUE 1 MAXVALUE 1000000000000000000000000000 INCREMENT BY 1 START WITH 21 CACHE 20 NOORDER  NOCYCLE  NOKEEP  NOSCALE , 
	"ADOSZAM" NUMBER, 
	"BEOSZTAS" VARCHAR2(40 BYTE), 
	"LAKCIM" VARCHAR2(60 BYTE), 
	"ORABER" NUMBER, 
	"FELHASZNALONEV" VARCHAR2(40 BYTE)
   ) SEGMENT CREATION IMMEDIATE 
  PCTFREE 10 PCTUSED 40 INITRANS 1 MAXTRANS 255 
 NOCOMPRESS LOGGING
  STORAGE(INITIAL 65536 NEXT 1048576 MINEXTENTS 1 MAXEXTENTS 2147483645
  PCTINCREASE 0 FREELISTS 1 FREELIST GROUPS 1
  BUFFER_POOL DEFAULT FLASH_CACHE DEFAULT CELL_FLASH_CACHE DEFAULT)
  TABLESPACE "USERS" ;
--------------------------------------------------------
--  DDL for Table DOLGOZOTT_ORAK
--------------------------------------------------------

  CREATE TABLE "TRAINDB"."DOLGOZOTT_ORAK" 
   (	"ID" NUMBER GENERATED ALWAYS AS IDENTITY MINVALUE 1 MAXVALUE 1000000000000000000000000000 INCREMENT BY 1 START WITH 1 CACHE 20 NOORDER  NOCYCLE  NOKEEP  NOSCALE , 
	"DOLGOZO" NUMBER, 
	"DATUM" DATE, 
	"ORAK_SZAMA" NUMBER
   ) SEGMENT CREATION IMMEDIATE 
  PCTFREE 10 PCTUSED 40 INITRANS 1 MAXTRANS 255 
 NOCOMPRESS LOGGING
  STORAGE(INITIAL 65536 NEXT 1048576 MINEXTENTS 1 MAXEXTENTS 2147483645
  PCTINCREASE 0 FREELISTS 1 FREELIST GROUPS 1
  BUFFER_POOL DEFAULT FLASH_CACHE DEFAULT CELL_FLASH_CACHE DEFAULT)
  TABLESPACE "USERS" ;
--------------------------------------------------------
--  DDL for Table FELHASZNALO
--------------------------------------------------------

  CREATE TABLE "TRAINDB"."FELHASZNALO" 
   (	"FELHASZNALONEV" VARCHAR2(30 BYTE), 
	"SZULETESI_DATUM" DATE, 
	"TELJES_NEV" VARCHAR2(50 BYTE), 
	"BANKKARTYA" NUMBER, 
	"JELSZO" VARCHAR2(40 BYTE), 
	"EMAIL" VARCHAR2(40 BYTE)
   ) SEGMENT CREATION IMMEDIATE 
  PCTFREE 10 PCTUSED 40 INITRANS 1 MAXTRANS 255 
 NOCOMPRESS LOGGING
  STORAGE(INITIAL 65536 NEXT 1048576 MINEXTENTS 1 MAXEXTENTS 2147483645
  PCTINCREASE 0 FREELISTS 1 FREELIST GROUPS 1
  BUFFER_POOL DEFAULT FLASH_CACHE DEFAULT CELL_FLASH_CACHE DEFAULT)
  TABLESPACE "USERS" ;
--------------------------------------------------------
--  DDL for Table FIZETES
--------------------------------------------------------

  CREATE TABLE "TRAINDB"."FIZETES" 
   (	"ID" NUMBER GENERATED ALWAYS AS IDENTITY MINVALUE 1 MAXVALUE 1000000000000000000000000000 INCREMENT BY 1 START WITH 1 CACHE 20 NOORDER  NOCYCLE  NOKEEP  NOSCALE , 
	"DOLGOZO" NUMBER, 
	"FIZETES" NUMBER, 
	"DATUM" DATE
   ) SEGMENT CREATION IMMEDIATE 
  PCTFREE 10 PCTUSED 40 INITRANS 1 MAXTRANS 255 
 NOCOMPRESS LOGGING
  STORAGE(INITIAL 65536 NEXT 1048576 MINEXTENTS 1 MAXEXTENTS 2147483645
  PCTINCREASE 0 FREELISTS 1 FREELIST GROUPS 1
  BUFFER_POOL DEFAULT FLASH_CACHE DEFAULT CELL_FLASH_CACHE DEFAULT)
  TABLESPACE "USERS" ;
--------------------------------------------------------
--  DDL for Table JEGY
--------------------------------------------------------

  CREATE TABLE "TRAINDB"."JEGY" 
   (	"ID" NUMBER GENERATED ALWAYS AS IDENTITY MINVALUE 1 MAXVALUE 9999999999999999999999999999 INCREMENT BY 1 START WITH 1 CACHE 20 NOORDER  NOCYCLE  NOKEEP  NOSCALE , 
	"FELHASZNALO" VARCHAR2(20 BYTE), 
	"UT" NUMBER, 
	"SZEK" NUMBER, 
	"VETELI_DATUM" DATE, 
	"KATEGORIA" VARCHAR2(1 BYTE), 
	"AR" NUMBER, 
	"UTAS_NEV" VARCHAR2(40 BYTE), 
	"UTAS_MAIL" VARCHAR2(20 BYTE), 
	"HONNAN" VARCHAR2(30 BYTE), 
	"HOVA" VARCHAR2(30 BYTE), 
	"INDULAS" VARCHAR2(10 BYTE), 
	"KOCSI" NUMBER
   ) SEGMENT CREATION IMMEDIATE 
  PCTFREE 10 PCTUSED 40 INITRANS 1 MAXTRANS 255 
 NOCOMPRESS LOGGING
  STORAGE(INITIAL 65536 NEXT 1048576 MINEXTENTS 1 MAXEXTENTS 2147483645
  PCTINCREASE 0 FREELISTS 1 FREELIST GROUPS 1
  BUFFER_POOL DEFAULT FLASH_CACHE DEFAULT CELL_FLASH_CACHE DEFAULT)
  TABLESPACE "USERS" ;

   COMMENT ON COLUMN "TRAINDB"."JEGY"."KATEGORIA" IS '0-adult, 1-youth, 2-senior, 3-group';
--------------------------------------------------------
--  DDL for Table KALAUZ
--------------------------------------------------------

  CREATE TABLE "TRAINDB"."KALAUZ" 
   (	"ID" NUMBER, 
	"DOLGOZO" NUMBER, 
	"UT" NUMBER
   ) SEGMENT CREATION IMMEDIATE 
  PCTFREE 10 PCTUSED 40 INITRANS 1 MAXTRANS 255 
 NOCOMPRESS LOGGING
  STORAGE(INITIAL 65536 NEXT 1048576 MINEXTENTS 1 MAXEXTENTS 2147483645
  PCTINCREASE 0 FREELISTS 1 FREELIST GROUPS 1
  BUFFER_POOL DEFAULT FLASH_CACHE DEFAULT CELL_FLASH_CACHE DEFAULT)
  TABLESPACE "USERS" ;
--------------------------------------------------------
--  DDL for Table KOCSI
--------------------------------------------------------

  CREATE TABLE "TRAINDB"."KOCSI" 
   (	"ID" NUMBER, 
	"FEROHELY" NUMBER, 
	"TIPUS" NUMBER(1,0), 
	"KONNEKTOR" NUMBER(1,0), 
	"WIFI" NUMBER(1,0)
   ) SEGMENT CREATION IMMEDIATE 
  PCTFREE 10 PCTUSED 40 INITRANS 1 MAXTRANS 255 
 NOCOMPRESS LOGGING
  STORAGE(INITIAL 65536 NEXT 1048576 MINEXTENTS 1 MAXEXTENTS 2147483645
  PCTINCREASE 0 FREELISTS 1 FREELIST GROUPS 1
  BUFFER_POOL DEFAULT FLASH_CACHE DEFAULT CELL_FLASH_CACHE DEFAULT)
  TABLESPACE "USERS" ;
--------------------------------------------------------
--  DDL for Table MEGALLO
--------------------------------------------------------

  CREATE TABLE "TRAINDB"."MEGALLO" 
   (	"ID" NUMBER GENERATED ALWAYS AS IDENTITY MINVALUE 1 MAXVALUE 9999999999999999999999999999 INCREMENT BY 1 START WITH 1 CACHE 20 NOORDER  NOCYCLE  NOKEEP  NOSCALE , 
	"ALLOMAS" NUMBER, 
	"MENETREND_ID" NUMBER, 
	"TIME" INTERVAL DAY (0) TO SECOND (1)
   ) SEGMENT CREATION IMMEDIATE 
  PCTFREE 10 PCTUSED 40 INITRANS 1 MAXTRANS 255 
 NOCOMPRESS LOGGING
  STORAGE(INITIAL 65536 NEXT 1048576 MINEXTENTS 1 MAXEXTENTS 2147483645
  PCTINCREASE 0 FREELISTS 1 FREELIST GROUPS 1
  BUFFER_POOL DEFAULT FLASH_CACHE DEFAULT CELL_FLASH_CACHE DEFAULT)
  TABLESPACE "USERS"   NO INMEMORY ;
--------------------------------------------------------
--  DDL for Table MENETREND
--------------------------------------------------------

  CREATE TABLE "TRAINDB"."MENETREND" 
   (	"ID" NUMBER, 
	"ISMETLODES_TIPUSA" NUMBER, 
	"NEV" VARCHAR2(20 BYTE), 
	"HET_NAPJA" NUMBER, 
	"INDUL" INTERVAL DAY (0) TO SECOND (1)
   ) SEGMENT CREATION IMMEDIATE 
  PCTFREE 10 PCTUSED 40 INITRANS 1 MAXTRANS 255 
 NOCOMPRESS LOGGING
  STORAGE(INITIAL 65536 NEXT 1048576 MINEXTENTS 1 MAXEXTENTS 2147483645
  PCTINCREASE 0 FREELISTS 1 FREELIST GROUPS 1
  BUFFER_POOL DEFAULT FLASH_CACHE DEFAULT CELL_FLASH_CACHE DEFAULT)
  TABLESPACE "USERS" ;
--------------------------------------------------------
--  DDL for Table MOZDONY
--------------------------------------------------------

  CREATE TABLE "TRAINDB"."MOZDONY" 
   (	"ID" NUMBER, 
	"GYARTASI_EV" DATE, 
	"TIPUS" NUMBER(3,0), 
	"HUZOERO" BINARY_FLOAT, 
	"SEBESSEG" NUMBER
   ) SEGMENT CREATION IMMEDIATE 
  PCTFREE 10 PCTUSED 40 INITRANS 1 MAXTRANS 255 
 NOCOMPRESS LOGGING
  STORAGE(INITIAL 65536 NEXT 1048576 MINEXTENTS 1 MAXEXTENTS 2147483645
  PCTINCREASE 0 FREELISTS 1 FREELIST GROUPS 1
  BUFFER_POOL DEFAULT FLASH_CACHE DEFAULT CELL_FLASH_CACHE DEFAULT)
  TABLESPACE "USERS" ;
--------------------------------------------------------
--  DDL for Table SZABADSAG
--------------------------------------------------------

  CREATE TABLE "TRAINDB"."SZABADSAG" 
   (	"ID" NUMBER GENERATED ALWAYS AS IDENTITY MINVALUE 1 MAXVALUE 1000000000000000000000000000 INCREMENT BY 1 START WITH 6 CACHE 20 NOORDER  NOCYCLE  NOKEEP  NOSCALE , 
	"DOLGOZO" NUMBER, 
	"KEZDETE" DATE, 
	"VEGE" DATE, 
	"JOVAHAGYOTT" NUMBER(1,0), 
	"OK" VARCHAR2(200 BYTE)
   ) SEGMENT CREATION IMMEDIATE 
  PCTFREE 10 PCTUSED 40 INITRANS 1 MAXTRANS 255 
 NOCOMPRESS LOGGING
  STORAGE(INITIAL 65536 NEXT 1048576 MINEXTENTS 1 MAXEXTENTS 2147483645
  PCTINCREASE 0 FREELISTS 1 FREELIST GROUPS 1
  BUFFER_POOL DEFAULT FLASH_CACHE DEFAULT CELL_FLASH_CACHE DEFAULT)
  TABLESPACE "USERS" ;
--------------------------------------------------------
--  DDL for Table SZEK
--------------------------------------------------------

  CREATE TABLE "TRAINDB"."SZEK" 
   (	"ID" NUMBER, 
	"TIPUS" NUMBER(3,0), 
	"ASZTAL" NUMBER(1,0), 
	"ABLAK" NUMBER(1,0), 
	"KOCSI" NUMBER, 
	"SZEK_SZAM" NUMBER
   ) SEGMENT CREATION IMMEDIATE 
  PCTFREE 10 PCTUSED 40 INITRANS 1 MAXTRANS 255 
 NOCOMPRESS LOGGING
  STORAGE(INITIAL 65536 NEXT 1048576 MINEXTENTS 1 MAXEXTENTS 2147483645
  PCTINCREASE 0 FREELISTS 1 FREELIST GROUPS 1
  BUFFER_POOL DEFAULT FLASH_CACHE DEFAULT CELL_FLASH_CACHE DEFAULT)
  TABLESPACE "USERS" ;

   COMMENT ON COLUMN "TRAINDB"."SZEK"."ABLAK" IS 'boolean';
--------------------------------------------------------
--  DDL for Table SZERELVENY
--------------------------------------------------------

  CREATE TABLE "TRAINDB"."SZERELVENY" 
   (	"ID" NUMBER, 
	"MOZDONY" NUMBER
   ) SEGMENT CREATION IMMEDIATE 
  PCTFREE 10 PCTUSED 40 INITRANS 1 MAXTRANS 255 
 NOCOMPRESS LOGGING
  STORAGE(INITIAL 65536 NEXT 1048576 MINEXTENTS 1 MAXEXTENTS 2147483645
  PCTINCREASE 0 FREELISTS 1 FREELIST GROUPS 1
  BUFFER_POOL DEFAULT FLASH_CACHE DEFAULT CELL_FLASH_CACHE DEFAULT)
  TABLESPACE "USERS" ;
--------------------------------------------------------
--  DDL for Table SZERELVENY_KOCSIK
--------------------------------------------------------

  CREATE TABLE "TRAINDB"."SZERELVENY_KOCSIK" 
   (	"ID" NUMBER, 
	"SZERELVENY" NUMBER, 
	"KOCSI" NUMBER
   ) SEGMENT CREATION IMMEDIATE 
  PCTFREE 10 PCTUSED 40 INITRANS 1 MAXTRANS 255 
 NOCOMPRESS LOGGING
  STORAGE(INITIAL 65536 NEXT 1048576 MINEXTENTS 1 MAXEXTENTS 2147483645
  PCTINCREASE 0 FREELISTS 1 FREELIST GROUPS 1
  BUFFER_POOL DEFAULT FLASH_CACHE DEFAULT CELL_FLASH_CACHE DEFAULT)
  TABLESPACE "USERS" ;
--------------------------------------------------------
--  DDL for Table UTAK
--------------------------------------------------------

  CREATE TABLE "TRAINDB"."UTAK" 
   (	"ID" NUMBER, 
	"MENETREND" NUMBER, 
	"IDO" DATE, 
	"SZERELVENY" NUMBER
   ) SEGMENT CREATION IMMEDIATE 
  PCTFREE 10 PCTUSED 40 INITRANS 1 MAXTRANS 255 
 NOCOMPRESS LOGGING
  STORAGE(INITIAL 65536 NEXT 1048576 MINEXTENTS 1 MAXEXTENTS 2147483645
  PCTINCREASE 0 FREELISTS 1 FREELIST GROUPS 1
  BUFFER_POOL DEFAULT FLASH_CACHE DEFAULT CELL_FLASH_CACHE DEFAULT)
  TABLESPACE "USERS" ;
--------------------------------------------------------
--  DDL for View SZERELVENYEK
--------------------------------------------------------

  CREATE OR REPLACE FORCE EDITIONABLE VIEW "TRAINDB"."SZERELVENYEK" ("ID", "MOZDONY", "NUMBER_OF_CARTS", "EXPR1") AS 
  SELECT SZERELVENY.ID,
       SZERELVENY.MOZDONY,
       COUNT(SZERELVENY_KOCSIK.KOCSI) AS NUMBER_OF_CARTS,
       LISTAGG(SZERELVENY_KOCSIK.KOCSI, '; ') WITHIN GROUP (ORDER BY SZERELVENY_KOCSIK.SZERELVENY) "EXPR1"
  FROM SZERELVENY
    INNER JOIN MOZDONY
      ON SZERELVENY.MOZDONY = MOZDONY.ID
    INNER JOIN SZERELVENY_KOCSIK
      ON SZERELVENY_KOCSIK.SZERELVENY = SZERELVENY.ID
    INNER JOIN KOCSI
      ON SZERELVENY_KOCSIK.KOCSI = KOCSI.ID 
group by SZERELVENY.ID, SZERELVENY.MOZDONY
;
--------------------------------------------------------
--  DDL for View TRAINS
--------------------------------------------------------

  CREATE OR REPLACE FORCE EDITIONABLE VIEW "TRAINDB"."TRAINS" ("Train Name", "Station", "ERKEZIK_IDO") AS 
  SELECT
    traindb.menetrend.nev      AS "Train Name",
    traindb.allomas.neve       AS "Station",
    stations.erkezik_ido
FROM
         traindb.menetrend
    INNER JOIN traindb.megallo stations ON traindb.menetrend.id = stations.menetrend_id
    INNER JOIN traindb.allomas ON stations.allomas = traindb.allomas.id
GROUP BY
    traindb.menetrend.nev,
    traindb.allomas.neve,
    stations.erkezik_ido
ORDER BY
    "Train Name",
    stations.erkezik_ido
;
REM INSERTING into TRAINDB.ALLOMAS
SET DEFINE OFF;
Insert into TRAINDB.ALLOMAS (ID,NEVE,PERON_SZAM,KAVEZO,JEGYPENZTAR,INFO_PONT,WIFI,MOZGASKORLATOZOTT_ELERES) values (0,'Szeged',5,1,1,1,0,1);
Insert into TRAINDB.ALLOMAS (ID,NEVE,PERON_SZAM,KAVEZO,JEGYPENZTAR,INFO_PONT,WIFI,MOZGASKORLATOZOTT_ELERES) values (1,'Szatymaz',2,0,1,1,0,0);
Insert into TRAINDB.ALLOMAS (ID,NEVE,PERON_SZAM,KAVEZO,JEGYPENZTAR,INFO_PONT,WIFI,MOZGASKORLATOZOTT_ELERES) values (2,'Kistelek',2,0,1,1,1,0);
Insert into TRAINDB.ALLOMAS (ID,NEVE,PERON_SZAM,KAVEZO,JEGYPENZTAR,INFO_PONT,WIFI,MOZGASKORLATOZOTT_ELERES) values (3,'Kiskunfélegyháza',2,1,1,1,0,0);
Insert into TRAINDB.ALLOMAS (ID,NEVE,PERON_SZAM,KAVEZO,JEGYPENZTAR,INFO_PONT,WIFI,MOZGASKORLATOZOTT_ELERES) values (4,'Kecskemét',2,1,1,1,1,0);
Insert into TRAINDB.ALLOMAS (ID,NEVE,PERON_SZAM,KAVEZO,JEGYPENZTAR,INFO_PONT,WIFI,MOZGASKORLATOZOTT_ELERES) values (5,'Nagykőrös',3,0,0,0,1,1);
Insert into TRAINDB.ALLOMAS (ID,NEVE,PERON_SZAM,KAVEZO,JEGYPENZTAR,INFO_PONT,WIFI,MOZGASKORLATOZOTT_ELERES) values (7,'Ferihegy',2,1,0,0,0,1);
Insert into TRAINDB.ALLOMAS (ID,NEVE,PERON_SZAM,KAVEZO,JEGYPENZTAR,INFO_PONT,WIFI,MOZGASKORLATOZOTT_ELERES) values (8,'Kőbánya-Kispest',6,0,1,0,0,1);
Insert into TRAINDB.ALLOMAS (ID,NEVE,PERON_SZAM,KAVEZO,JEGYPENZTAR,INFO_PONT,WIFI,MOZGASKORLATOZOTT_ELERES) values (6,'Cegléd',5,0,1,1,1,1);
Insert into TRAINDB.ALLOMAS (ID,NEVE,PERON_SZAM,KAVEZO,JEGYPENZTAR,INFO_PONT,WIFI,MOZGASKORLATOZOTT_ELERES) values (9,'Zugló',4,0,0,1,0,1);
Insert into TRAINDB.ALLOMAS (ID,NEVE,PERON_SZAM,KAVEZO,JEGYPENZTAR,INFO_PONT,WIFI,MOZGASKORLATOZOTT_ELERES) values (11,'Budapest-Keleti',10,0,1,0,0,0);
Insert into TRAINDB.ALLOMAS (ID,NEVE,PERON_SZAM,KAVEZO,JEGYPENZTAR,INFO_PONT,WIFI,MOZGASKORLATOZOTT_ELERES) values (10,'Budapest-Nyugati',16,1,1,1,0,1);
Insert into TRAINDB.ALLOMAS (ID,NEVE,PERON_SZAM,KAVEZO,JEGYPENZTAR,INFO_PONT,WIFI,MOZGASKORLATOZOTT_ELERES) values (12,'Siófok',5,1,1,1,0,1);
Insert into TRAINDB.ALLOMAS (ID,NEVE,PERON_SZAM,KAVEZO,JEGYPENZTAR,INFO_PONT,WIFI,MOZGASKORLATOZOTT_ELERES) values (13,'Balatonfüred',4,0,1,0,0,0);
Insert into TRAINDB.ALLOMAS (ID,NEVE,PERON_SZAM,KAVEZO,JEGYPENZTAR,INFO_PONT,WIFI,MOZGASKORLATOZOTT_ELERES) values (14,'Székesfehérvár',8,0,1,1,0,1);
Insert into TRAINDB.ALLOMAS (ID,NEVE,PERON_SZAM,KAVEZO,JEGYPENZTAR,INFO_PONT,WIFI,MOZGASKORLATOZOTT_ELERES) values (15,'Budapest-Kelenföld',12,1,1,1,0,1);
REM INSERTING into TRAINDB.ALLOMAS_DOLGOZO
SET DEFINE OFF;
Insert into TRAINDB.ALLOMAS_DOLGOZO (ID,DOLGOZO,ALLOMAS) values (0,0,0);
Insert into TRAINDB.ALLOMAS_DOLGOZO (ID,DOLGOZO,ALLOMAS) values (1,1,0);
Insert into TRAINDB.ALLOMAS_DOLGOZO (ID,DOLGOZO,ALLOMAS) values (2,2,1);
Insert into TRAINDB.ALLOMAS_DOLGOZO (ID,DOLGOZO,ALLOMAS) values (3,3,2);
Insert into TRAINDB.ALLOMAS_DOLGOZO (ID,DOLGOZO,ALLOMAS) values (4,4,0);
Insert into TRAINDB.ALLOMAS_DOLGOZO (ID,DOLGOZO,ALLOMAS) values (5,5,1);
Insert into TRAINDB.ALLOMAS_DOLGOZO (ID,DOLGOZO,ALLOMAS) values (6,6,2);
Insert into TRAINDB.ALLOMAS_DOLGOZO (ID,DOLGOZO,ALLOMAS) values (7,8,3);
Insert into TRAINDB.ALLOMAS_DOLGOZO (ID,DOLGOZO,ALLOMAS) values (8,7,4);
Insert into TRAINDB.ALLOMAS_DOLGOZO (ID,DOLGOZO,ALLOMAS) values (9,9,5);
Insert into TRAINDB.ALLOMAS_DOLGOZO (ID,DOLGOZO,ALLOMAS) values (10,10,6);
Insert into TRAINDB.ALLOMAS_DOLGOZO (ID,DOLGOZO,ALLOMAS) values (11,11,7);
Insert into TRAINDB.ALLOMAS_DOLGOZO (ID,DOLGOZO,ALLOMAS) values (12,12,8);
Insert into TRAINDB.ALLOMAS_DOLGOZO (ID,DOLGOZO,ALLOMAS) values (13,14,9);
Insert into TRAINDB.ALLOMAS_DOLGOZO (ID,DOLGOZO,ALLOMAS) values (14,13,10);
Insert into TRAINDB.ALLOMAS_DOLGOZO (ID,DOLGOZO,ALLOMAS) values (15,16,11);
REM INSERTING into TRAINDB.DOLGOZO
SET DEFINE OFF;
Insert into TRAINDB.DOLGOZO (ID,ADOSZAM,BEOSZTAS,LAKCIM,ORABER,FELHASZNALONEV) values (3,542524851,'Kalauz','6724 Szeged, Rákóczi út 59.',1247,'zeo');
Insert into TRAINDB.DOLGOZO (ID,ADOSZAM,BEOSZTAS,LAKCIM,ORABER,FELHASZNALONEV) values (13,964421691,'Jegypénztáros','6726 Szeged, Gizella utca 69.',1484,'nora');
Insert into TRAINDB.DOLGOZO (ID,ADOSZAM,BEOSZTAS,LAKCIM,ORABER,FELHASZNALONEV) values (19,719698210,'Karbantartó','6710 Szeged. Sándor utca 5.',1444,'maja');
Insert into TRAINDB.DOLGOZO (ID,ADOSZAM,BEOSZTAS,LAKCIM,ORABER,FELHASZNALONEV) values (0,497377456,'Kalauz','6722 Szeged, Valami u. 62.',590,'bence');
Insert into TRAINDB.DOLGOZO (ID,ADOSZAM,BEOSZTAS,LAKCIM,ORABER,FELHASZNALONEV) values (1,187271993,'Jegypénztáros','6720 Szeged, Petőfi Sándor utca 956.',1446,'anna');
Insert into TRAINDB.DOLGOZO (ID,ADOSZAM,BEOSZTAS,LAKCIM,ORABER,FELHASZNALONEV) values (4,338661072,'Jegypénztáros','6726 Szeged, Római utca 64./e',1158,'dominik');
Insert into TRAINDB.DOLGOZO (ID,ADOSZAM,BEOSZTAS,LAKCIM,ORABER,FELHASZNALONEV) values (5,134933507,'Takarító','6728 Szeged, Lövölde utca 4.',1218,'luca');
Insert into TRAINDB.DOLGOZO (ID,ADOSZAM,BEOSZTAS,LAKCIM,ORABER,FELHASZNALONEV) values (6,220694126,'Jegypénztáros','6710 Szeged, Tóalj utca 6.',1325,'marcell');
Insert into TRAINDB.DOLGOZO (ID,ADOSZAM,BEOSZTAS,LAKCIM,ORABER,FELHASZNALONEV) values (8,745176351,'Karbantartó','6723 Szeged, 11. utca 7.',1362,'levi');
Insert into TRAINDB.DOLGOZO (ID,ADOSZAM,BEOSZTAS,LAKCIM,ORABER,FELHASZNALONEV) values (9,344459110,'Biztonsági személy','6725 Szeged, Abony utca 102.',1064,'szofi');
Insert into TRAINDB.DOLGOZO (ID,ADOSZAM,BEOSZTAS,LAKCIM,ORABER,FELHASZNALONEV) values (10,228342516,'Takarító','6727 Szeged, Adél köz 75.',1362,'noel');
Insert into TRAINDB.DOLGOZO (ID,ADOSZAM,BEOSZTAS,LAKCIM,ORABER,FELHASZNALONEV) values (11,228342516,'Mozdonyvezető','6729 Szeged, Cinke utca 65.',1263,'jazsi');
Insert into TRAINDB.DOLGOZO (ID,ADOSZAM,BEOSZTAS,LAKCIM,ORABER,FELHASZNALONEV) values (14,481498046,'Kalauz','6729 Szeged, Középfasor 40.',1150,'daniel');
Insert into TRAINDB.DOLGOZO (ID,ADOSZAM,BEOSZTAS,LAKCIM,ORABER,FELHASZNALONEV) values (15,465251295,'Jegypénztáros','6700 Szeged, Csaba utca 1.',1247,'boogi');
Insert into TRAINDB.DOLGOZO (ID,ADOSZAM,BEOSZTAS,LAKCIM,ORABER,FELHASZNALONEV) values (16,309691411,'Mozdonyvezető','6726 Szeged, Erdélyi tér 3.',1458,'mili');
Insert into TRAINDB.DOLGOZO (ID,ADOSZAM,BEOSZTAS,LAKCIM,ORABER,FELHASZNALONEV) values (17,361125081,'Jegypénztáros','6729 Szeged, Eke köz 31.',1007,'lena');
Insert into TRAINDB.DOLGOZO (ID,ADOSZAM,BEOSZTAS,LAKCIM,ORABER,FELHASZNALONEV) values (18,610369930,'Biztonsági személy','6721 Szeged,Galagonya utca 73.',1307,'zalan');
Insert into TRAINDB.DOLGOZO (ID,ADOSZAM,BEOSZTAS,LAKCIM,ORABER,FELHASZNALONEV) values (7,170473877,'Kalauz','6721 Szeged, Kis Pál sugárút 23.',999,'emma');
Insert into TRAINDB.DOLGOZO (ID,ADOSZAM,BEOSZTAS,LAKCIM,ORABER,FELHASZNALONEV) values (2,559938129,'Mozdonyvezető','6722 Szeged, Kossuth Lajos sugárút 25.',1546,'mate');
Insert into TRAINDB.DOLGOZO (ID,ADOSZAM,BEOSZTAS,LAKCIM,ORABER,FELHASZNALONEV) values (20,568465354,'Admin','6724 Szeged, Tereza u. 7.',1500,'asd');
Insert into TRAINDB.DOLGOZO (ID,ADOSZAM,BEOSZTAS,LAKCIM,ORABER,FELHASZNALONEV) values (45,6123863321,'Koordinátor','6722 Szeged, Tisza u. 11.',1640,'pasta11');
Insert into TRAINDB.DOLGOZO (ID,ADOSZAM,BEOSZTAS,LAKCIM,ORABER,FELHASZNALONEV) values (46,321546532,'Koordinátor','6722 Szeged, Tisza u. 11.',1640,'pasta11');
Insert into TRAINDB.DOLGOZO (ID,ADOSZAM,BEOSZTAS,LAKCIM,ORABER,FELHASZNALONEV) values (22,5451311253,'Admin','6724 Szeged, Jani u. 2.',980,'cola999');
REM INSERTING into TRAINDB.DOLGOZOTT_ORAK
SET DEFINE OFF;
Insert into TRAINDB.DOLGOZOTT_ORAK (ID,DOLGOZO,DATUM,ORAK_SZAMA) values (26,20,to_date('01-MAY-20','DD-MON-RR'),11);
Insert into TRAINDB.DOLGOZOTT_ORAK (ID,DOLGOZO,DATUM,ORAK_SZAMA) values (27,20,to_date('30-APR-20','DD-MON-RR'),8);
Insert into TRAINDB.DOLGOZOTT_ORAK (ID,DOLGOZO,DATUM,ORAK_SZAMA) values (41,7,to_date('01-MAY-20','DD-MON-RR'),8);
Insert into TRAINDB.DOLGOZOTT_ORAK (ID,DOLGOZO,DATUM,ORAK_SZAMA) values (23,20,to_date('04-MAY-20','DD-MON-RR'),8);
Insert into TRAINDB.DOLGOZOTT_ORAK (ID,DOLGOZO,DATUM,ORAK_SZAMA) values (28,20,to_date('28-APR-20','DD-MON-RR'),10);
REM INSERTING into TRAINDB.FELHASZNALO
SET DEFINE OFF;
Insert into TRAINDB.FELHASZNALO (FELHASZNALONEV,SZULETESI_DATUM,TELJES_NEV,BANKKARTYA,JELSZO,EMAIL) values ('emma',to_date('04-MAY-89','DD-MON-RR'),'Kis Emma',3876354,'emmacska','emmacska@gmail.com');
Insert into TRAINDB.FELHASZNALO (FELHASZNALONEV,SZULETESI_DATUM,TELJES_NEV,BANKKARTYA,JELSZO,EMAIL) values ('mate',to_date('14-MAY-95','DD-MON-RR'),'Zorro Máré',46864358,'csoro','zorro@gmail.com');
Insert into TRAINDB.FELHASZNALO (FELHASZNALONEV,SZULETESI_DATUM,TELJES_NEV,BANKKARTYA,JELSZO,EMAIL) values ('pasta11',to_date('14-MAR-97','DD-MON-RR'),'Pasta Barna',523658965325,'shfgh','kika@hoola.com');
Insert into TRAINDB.FELHASZNALO (FELHASZNALONEV,SZULETESI_DATUM,TELJES_NEV,BANKKARTYA,JELSZO,EMAIL) values ('hola',to_date('01-FEB-92','DD-MON-RR'),'Holló Attila',1236528964,'hola11','hola@gmail.com');
Insert into TRAINDB.FELHASZNALO (FELHASZNALONEV,SZULETESI_DATUM,TELJES_NEV,BANKKARTYA,JELSZO,EMAIL) values ('yappy',to_date('30-NOV-99','DD-MON-RR'),'Kópa Kitti',523652148,'yummy','yay@gmail.com');
Insert into TRAINDB.FELHASZNALO (FELHASZNALONEV,SZULETESI_DATUM,TELJES_NEV,BANKKARTYA,JELSZO,EMAIL) values ('pipa',to_date('06-JUN-02','DD-MON-RR'),'Kiló Géza',536985632,'kilappa','kilo@gmail.com');
Insert into TRAINDB.FELHASZNALO (FELHASZNALONEV,SZULETESI_DATUM,TELJES_NEV,BANKKARTYA,JELSZO,EMAIL) values ('janka',to_date('22-JUN-89','DD-MON-RR'),'Nagy Janka',82924685,'wewewew','jankasd@gmail.com');
Insert into TRAINDB.FELHASZNALO (FELHASZNALONEV,SZULETESI_DATUM,TELJES_NEV,BANKKARTYA,JELSZO,EMAIL) values ('igor',to_date('16-MAR-92','DD-MON-RR'),'Árva Igor',98725861,'yesMaster','pull_the_switch@yahoo.com');
Insert into TRAINDB.FELHASZNALO (FELHASZNALONEV,SZULETESI_DATUM,TELJES_NEV,BANKKARTYA,JELSZO,EMAIL) values ('misike',to_date('05-OCT-01','DD-MON-RR'),'Joó Miklós',85296374,'jomisi','jomisi@gmail.com');
Insert into TRAINDB.FELHASZNALO (FELHASZNALONEV,SZULETESI_DATUM,TELJES_NEV,BANKKARTYA,JELSZO,EMAIL) values ('asd',to_date('25-SEP-98','DD-MON-RR'),'Asd McAsdy',12346845468,'asdasd','asd@azaz.hu');
Insert into TRAINDB.FELHASZNALO (FELHASZNALONEV,SZULETESI_DATUM,TELJES_NEV,BANKKARTYA,JELSZO,EMAIL) values ('piri',to_date('10-FEB-95','DD-MON-RR'),'Peter Griffin',456789,'piri','piri76@gmail.com');
Insert into TRAINDB.FELHASZNALO (FELHASZNALONEV,SZULETESI_DATUM,TELJES_NEV,BANKKARTYA,JELSZO,EMAIL) values ('jani',to_date('21-AUG-82','DD-MON-RR'),'Kiss János',789456,'asd','jaaj@citromail.hu');
Insert into TRAINDB.FELHASZNALO (FELHASZNALONEV,SZULETESI_DATUM,TELJES_NEV,BANKKARTYA,JELSZO,EMAIL) values ('zalan',to_date('15-SEP-75','DD-MON-RR'),'Netye Zalán',18364782,'adat','netyez@citromail.hu');
Insert into TRAINDB.FELHASZNALO (FELHASZNALONEV,SZULETESI_DATUM,TELJES_NEV,BANKKARTYA,JELSZO,EMAIL) values ('zeo',to_date('10-AUG-77','DD-MON-RR'),'Nagy Béla',15437914,'aka','nagy@gmail.com');
Insert into TRAINDB.FELHASZNALO (FELHASZNALONEV,SZULETESI_DATUM,TELJES_NEV,BANKKARTYA,JELSZO,EMAIL) values ('nora',to_date('11-JAN-89','DD-MON-RR'),'Magyar Nóra',19735489,'magyar','nora@freemail.hu');
Insert into TRAINDB.FELHASZNALO (FELHASZNALONEV,SZULETESI_DATUM,TELJES_NEV,BANKKARTYA,JELSZO,EMAIL) values ('maja',to_date('21-AUG-87','DD-MON-RR'),'Détár Maja',13265479,'korona1','detar@gmail.com');
Insert into TRAINDB.FELHASZNALO (FELHASZNALONEV,SZULETESI_DATUM,TELJES_NEV,BANKKARTYA,JELSZO,EMAIL) values ('bence',to_date('01-FEB-79','DD-MON-RR'),'Tóth Bence',3152749,'karanten','bence@citromail.hu');
Insert into TRAINDB.FELHASZNALO (FELHASZNALONEV,SZULETESI_DATUM,TELJES_NEV,BANKKARTYA,JELSZO,EMAIL) values ('anna',to_date('21-JUN-76','DD-MON-RR'),'Martyin Anna',26817933,'otthon','anna@freemail.hu');
Insert into TRAINDB.FELHASZNALO (FELHASZNALONEV,SZULETESI_DATUM,TELJES_NEV,BANKKARTYA,JELSZO,EMAIL) values ('dominik',to_date('11-AUG-83','DD-MON-RR'),'Márk Dominik',15273845,'jelszo','dominik1@gmail.com');
Insert into TRAINDB.FELHASZNALO (FELHASZNALONEV,SZULETESI_DATUM,TELJES_NEV,BANKKARTYA,JELSZO,EMAIL) values ('luca',to_date('15-SEP-84','DD-MON-RR'),'Nagy Luca',11772638,'levego','nagyluca@gmail.com');
Insert into TRAINDB.FELHASZNALO (FELHASZNALONEV,SZULETESI_DATUM,TELJES_NEV,BANKKARTYA,JELSZO,EMAIL) values ('marcell',to_date('11-AUG-88','DD-MON-RR'),'Horvát Marcell',17783948,'fold','marcell@citromail.hu');
Insert into TRAINDB.FELHASZNALO (FELHASZNALONEV,SZULETESI_DATUM,TELJES_NEV,BANKKARTYA,JELSZO,EMAIL) values ('levi',to_date('02-OCT-72','DD-MON-RR'),'Lupsán Levente',19773573,'virus','levi@gmail.com');
Insert into TRAINDB.FELHASZNALO (FELHASZNALONEV,SZULETESI_DATUM,TELJES_NEV,BANKKARTYA,JELSZO,EMAIL) values ('szofi',to_date('11-FEB-88','DD-MON-RR'),'Kiss Szofi',14367899,'barcelona','szofivagyok@gmail.com');
Insert into TRAINDB.FELHASZNALO (FELHASZNALONEV,SZULETESI_DATUM,TELJES_NEV,BANKKARTYA,JELSZO,EMAIL) values ('noel',to_date('17-AUG-83','DD-MON-RR'),'Boka Noel',16543333,'foci','bokanoel@freemail.hu');
Insert into TRAINDB.FELHASZNALO (FELHASZNALONEV,SZULETESI_DATUM,TELJES_NEV,BANKKARTYA,JELSZO,EMAIL) values ('jazsi',to_date('21-JUN-82','DD-MON-RR'),'Lőkösi Jazsi',14356678,'jazsivagyok','jazsika@gmail.com');
Insert into TRAINDB.FELHASZNALO (FELHASZNALONEV,SZULETESI_DATUM,TELJES_NEV,BANKKARTYA,JELSZO,EMAIL) values ('daniel',to_date('18-JAN-70','DD-MON-RR'),'Gombóc Dániel',16547893,'gombocka','gombocd@freemail.hu');
Insert into TRAINDB.FELHASZNALO (FELHASZNALONEV,SZULETESI_DATUM,TELJES_NEV,BANKKARTYA,JELSZO,EMAIL) values ('boogi',to_date('16-AUG-86','DD-MON-RR'),'Varga Boglárka',17354892,'exatlon','bogi@gmail.com');
Insert into TRAINDB.FELHASZNALO (FELHASZNALONEV,SZULETESI_DATUM,TELJES_NEV,BANKKARTYA,JELSZO,EMAIL) values ('mili',to_date('21-AUG-82','DD-MON-RR'),'Tihanyi Mili',163748372,'tej','mili1982@gmail.com');
Insert into TRAINDB.FELHASZNALO (FELHASZNALONEV,SZULETESI_DATUM,TELJES_NEV,BANKKARTYA,JELSZO,EMAIL) values ('lena',to_date('08-OCT-88','DD-MON-RR'),'Duma Léna',12345678,'kutyacica','lenaduma@freemail.hu');
Insert into TRAINDB.FELHASZNALO (FELHASZNALONEV,SZULETESI_DATUM,TELJES_NEV,BANKKARTYA,JELSZO,EMAIL) values ('testy',to_date('12-FEB-80','DD-MON-RR'),'Kis Pista',87234432634,'bambam','emamm@hmail.hu');
Insert into TRAINDB.FELHASZNALO (FELHASZNALONEV,SZULETESI_DATUM,TELJES_NEV,BANKKARTYA,JELSZO,EMAIL) values ('cola99',to_date('01-JAN-60','DD-MON-RR'),'Coka Cola',536985145,'coKe','coke@kola.eu');
Insert into TRAINDB.FELHASZNALO (FELHASZNALONEV,SZULETESI_DATUM,TELJES_NEV,BANKKARTYA,JELSZO,EMAIL) values ('cola999',to_date('01-APR-99','DD-MON-RR'),'Cola Coka',864513548643,'dammmm','ham@jupp.hu');
REM INSERTING into TRAINDB.FIZETES
SET DEFINE OFF;
REM INSERTING into TRAINDB.JEGY
SET DEFINE OFF;
Insert into TRAINDB.JEGY (ID,FELHASZNALO,UT,SZEK,VETELI_DATUM,KATEGORIA,AR,UTAS_NEV,UTAS_MAIL,HONNAN,HOVA,INDULAS,KOCSI) values (32,'asd',5,257,to_date('03-MAY-20','DD-MON-RR'),'4',19440,'test2','test@hd.hu','Szeged','Budapest-Nyugati','7:0',7);
Insert into TRAINDB.JEGY (ID,FELHASZNALO,UT,SZEK,VETELI_DATUM,KATEGORIA,AR,UTAS_NEV,UTAS_MAIL,HONNAN,HOVA,INDULAS,KOCSI) values (33,'asd',5,258,to_date('03-MAY-20','DD-MON-RR'),'4',19440,'test4','test@hd.hu','Szeged','Budapest-Nyugati','7:0',7);
Insert into TRAINDB.JEGY (ID,FELHASZNALO,UT,SZEK,VETELI_DATUM,KATEGORIA,AR,UTAS_NEV,UTAS_MAIL,HONNAN,HOVA,INDULAS,KOCSI) values (34,'asd',5,259,to_date('03-MAY-20','DD-MON-RR'),'4',19440,'test5','test@hd.hu','Szeged','Budapest-Nyugati','7:0',7);
Insert into TRAINDB.JEGY (ID,FELHASZNALO,UT,SZEK,VETELI_DATUM,KATEGORIA,AR,UTAS_NEV,UTAS_MAIL,HONNAN,HOVA,INDULAS,KOCSI) values (35,'asd',5,260,to_date('03-MAY-20','DD-MON-RR'),'4',19440,'test1','test@hd.hu','Szeged','Budapest-Nyugati','7:0',7);
Insert into TRAINDB.JEGY (ID,FELHASZNALO,UT,SZEK,VETELI_DATUM,KATEGORIA,AR,UTAS_NEV,UTAS_MAIL,HONNAN,HOVA,INDULAS,KOCSI) values (36,'asd',5,261,to_date('03-MAY-20','DD-MON-RR'),'4',19440,'test3','test@hd.hu','Szeged','Budapest-Nyugati','7:0',7);
Insert into TRAINDB.JEGY (ID,FELHASZNALO,UT,SZEK,VETELI_DATUM,KATEGORIA,AR,UTAS_NEV,UTAS_MAIL,HONNAN,HOVA,INDULAS,KOCSI) values (37,'asd',5,262,to_date('03-MAY-20','DD-MON-RR'),'4',13184,'test1','hs@gmail.com','Szeged','Budapest-Nyugati','7:0',7);
Insert into TRAINDB.JEGY (ID,FELHASZNALO,UT,SZEK,VETELI_DATUM,KATEGORIA,AR,UTAS_NEV,UTAS_MAIL,HONNAN,HOVA,INDULAS,KOCSI) values (38,'asd',5,263,to_date('03-MAY-20','DD-MON-RR'),'4',13184,'test3','hs@gmail.com','Szeged','Budapest-Nyugati','7:0',7);
Insert into TRAINDB.JEGY (ID,FELHASZNALO,UT,SZEK,VETELI_DATUM,KATEGORIA,AR,UTAS_NEV,UTAS_MAIL,HONNAN,HOVA,INDULAS,KOCSI) values (39,'asd',5,264,to_date('03-MAY-20','DD-MON-RR'),'4',13184,'test4','hs@gmail.com','Szeged','Budapest-Nyugati','7:0',7);
Insert into TRAINDB.JEGY (ID,FELHASZNALO,UT,SZEK,VETELI_DATUM,KATEGORIA,AR,UTAS_NEV,UTAS_MAIL,HONNAN,HOVA,INDULAS,KOCSI) values (40,'asd',5,265,to_date('03-MAY-20','DD-MON-RR'),'4',13184,'test2','hs@gmail.com','Szeged','Budapest-Nyugati','7:0',7);
Insert into TRAINDB.JEGY (ID,FELHASZNALO,UT,SZEK,VETELI_DATUM,KATEGORIA,AR,UTAS_NEV,UTAS_MAIL,HONNAN,HOVA,INDULAS,KOCSI) values (41,'asd',5,266,to_date('03-MAY-20','DD-MON-RR'),'4',13184,'test5','hs@gmail.com','Szeged','Budapest-Nyugati','7:0',7);
Insert into TRAINDB.JEGY (ID,FELHASZNALO,UT,SZEK,VETELI_DATUM,KATEGORIA,AR,UTAS_NEV,UTAS_MAIL,HONNAN,HOVA,INDULAS,KOCSI) values (30,'asd',3,1,to_date('03-MAY-20','DD-MON-RR'),'2',1723,'Dömötör','dpeter99@gmail.com','Szeged','Budapest-Nyugati','8:0',1);
Insert into TRAINDB.JEGY (ID,FELHASZNALO,UT,SZEK,VETELI_DATUM,KATEGORIA,AR,UTAS_NEV,UTAS_MAIL,HONNAN,HOVA,INDULAS,KOCSI) values (31,'asd',3,2,to_date('03-MAY-20','DD-MON-RR'),'3',426.20000000000005,'Doctor','who@doctor.com','Szeged','Budapest-Nyugati','8:0',1);
REM INSERTING into TRAINDB.KALAUZ
SET DEFINE OFF;
Insert into TRAINDB.KALAUZ (ID,DOLGOZO,UT) values (0,3,0);
Insert into TRAINDB.KALAUZ (ID,DOLGOZO,UT) values (1,3,1);
Insert into TRAINDB.KALAUZ (ID,DOLGOZO,UT) values (2,3,2);
Insert into TRAINDB.KALAUZ (ID,DOLGOZO,UT) values (3,0,11);
Insert into TRAINDB.KALAUZ (ID,DOLGOZO,UT) values (4,0,28);
Insert into TRAINDB.KALAUZ (ID,DOLGOZO,UT) values (5,0,21);
Insert into TRAINDB.KALAUZ (ID,DOLGOZO,UT) values (12,14,30);
Insert into TRAINDB.KALAUZ (ID,DOLGOZO,UT) values (13,14,40);
Insert into TRAINDB.KALAUZ (ID,DOLGOZO,UT) values (14,14,54);
Insert into TRAINDB.KALAUZ (ID,DOLGOZO,UT) values (15,0,19);
Insert into TRAINDB.KALAUZ (ID,DOLGOZO,UT) values (16,0,13);
Insert into TRAINDB.KALAUZ (ID,DOLGOZO,UT) values (19,7,82);
Insert into TRAINDB.KALAUZ (ID,DOLGOZO,UT) values (20,7,76);
REM INSERTING into TRAINDB.KOCSI
SET DEFINE OFF;
Insert into TRAINDB.KOCSI (ID,FEROHELY,TIPUS,KONNEKTOR,WIFI) values (1,0,3,0,1);
Insert into TRAINDB.KOCSI (ID,FEROHELY,TIPUS,KONNEKTOR,WIFI) values (2,0,3,0,0);
Insert into TRAINDB.KOCSI (ID,FEROHELY,TIPUS,KONNEKTOR,WIFI) values (3,0,3,0,0);
Insert into TRAINDB.KOCSI (ID,FEROHELY,TIPUS,KONNEKTOR,WIFI) values (4,0,3,0,0);
Insert into TRAINDB.KOCSI (ID,FEROHELY,TIPUS,KONNEKTOR,WIFI) values (5,0,3,0,1);
Insert into TRAINDB.KOCSI (ID,FEROHELY,TIPUS,KONNEKTOR,WIFI) values (6,0,3,0,0);
Insert into TRAINDB.KOCSI (ID,FEROHELY,TIPUS,KONNEKTOR,WIFI) values (7,0,2,1,0);
Insert into TRAINDB.KOCSI (ID,FEROHELY,TIPUS,KONNEKTOR,WIFI) values (8,0,4,0,0);
Insert into TRAINDB.KOCSI (ID,FEROHELY,TIPUS,KONNEKTOR,WIFI) values (9,0,3,0,0);
Insert into TRAINDB.KOCSI (ID,FEROHELY,TIPUS,KONNEKTOR,WIFI) values (10,0,3,0,1);
Insert into TRAINDB.KOCSI (ID,FEROHELY,TIPUS,KONNEKTOR,WIFI) values (11,0,2,1,0);
Insert into TRAINDB.KOCSI (ID,FEROHELY,TIPUS,KONNEKTOR,WIFI) values (12,0,3,0,1);
Insert into TRAINDB.KOCSI (ID,FEROHELY,TIPUS,KONNEKTOR,WIFI) values (13,0,3,0,1);
Insert into TRAINDB.KOCSI (ID,FEROHELY,TIPUS,KONNEKTOR,WIFI) values (14,0,3,0,0);
Insert into TRAINDB.KOCSI (ID,FEROHELY,TIPUS,KONNEKTOR,WIFI) values (15,0,1,1,0);
Insert into TRAINDB.KOCSI (ID,FEROHELY,TIPUS,KONNEKTOR,WIFI) values (16,0,3,1,1);
Insert into TRAINDB.KOCSI (ID,FEROHELY,TIPUS,KONNEKTOR,WIFI) values (17,0,3,0,0);
Insert into TRAINDB.KOCSI (ID,FEROHELY,TIPUS,KONNEKTOR,WIFI) values (18,0,2,1,0);
Insert into TRAINDB.KOCSI (ID,FEROHELY,TIPUS,KONNEKTOR,WIFI) values (19,0,2,1,1);
Insert into TRAINDB.KOCSI (ID,FEROHELY,TIPUS,KONNEKTOR,WIFI) values (20,0,2,1,0);
Insert into TRAINDB.KOCSI (ID,FEROHELY,TIPUS,KONNEKTOR,WIFI) values (21,0,3,0,1);
Insert into TRAINDB.KOCSI (ID,FEROHELY,TIPUS,KONNEKTOR,WIFI) values (22,20,3,0,0);
Insert into TRAINDB.KOCSI (ID,FEROHELY,TIPUS,KONNEKTOR,WIFI) values (23,0,3,0,1);
Insert into TRAINDB.KOCSI (ID,FEROHELY,TIPUS,KONNEKTOR,WIFI) values (24,0,1,1,0);
Insert into TRAINDB.KOCSI (ID,FEROHELY,TIPUS,KONNEKTOR,WIFI) values (25,0,4,0,1);
Insert into TRAINDB.KOCSI (ID,FEROHELY,TIPUS,KONNEKTOR,WIFI) values (26,0,2,1,0);
Insert into TRAINDB.KOCSI (ID,FEROHELY,TIPUS,KONNEKTOR,WIFI) values (27,0,3,0,0);
Insert into TRAINDB.KOCSI (ID,FEROHELY,TIPUS,KONNEKTOR,WIFI) values (28,0,4,0,0);
Insert into TRAINDB.KOCSI (ID,FEROHELY,TIPUS,KONNEKTOR,WIFI) values (29,0,3,0,1);
Insert into TRAINDB.KOCSI (ID,FEROHELY,TIPUS,KONNEKTOR,WIFI) values (30,0,3,0,0);
Insert into TRAINDB.KOCSI (ID,FEROHELY,TIPUS,KONNEKTOR,WIFI) values (31,0,3,0,0);
Insert into TRAINDB.KOCSI (ID,FEROHELY,TIPUS,KONNEKTOR,WIFI) values (32,0,3,0,1);
Insert into TRAINDB.KOCSI (ID,FEROHELY,TIPUS,KONNEKTOR,WIFI) values (33,0,1,0,0);
Insert into TRAINDB.KOCSI (ID,FEROHELY,TIPUS,KONNEKTOR,WIFI) values (34,0,3,0,0);
Insert into TRAINDB.KOCSI (ID,FEROHELY,TIPUS,KONNEKTOR,WIFI) values (35,0,2,0,1);
Insert into TRAINDB.KOCSI (ID,FEROHELY,TIPUS,KONNEKTOR,WIFI) values (36,0,3,1,1);
Insert into TRAINDB.KOCSI (ID,FEROHELY,TIPUS,KONNEKTOR,WIFI) values (37,0,4,1,0);
Insert into TRAINDB.KOCSI (ID,FEROHELY,TIPUS,KONNEKTOR,WIFI) values (38,0,4,0,0);
Insert into TRAINDB.KOCSI (ID,FEROHELY,TIPUS,KONNEKTOR,WIFI) values (39,0,1,1,1);
Insert into TRAINDB.KOCSI (ID,FEROHELY,TIPUS,KONNEKTOR,WIFI) values (40,0,3,0,1);
Insert into TRAINDB.KOCSI (ID,FEROHELY,TIPUS,KONNEKTOR,WIFI) values (41,0,4,0,0);
Insert into TRAINDB.KOCSI (ID,FEROHELY,TIPUS,KONNEKTOR,WIFI) values (42,0,3,1,1);
Insert into TRAINDB.KOCSI (ID,FEROHELY,TIPUS,KONNEKTOR,WIFI) values (43,0,3,0,1);
Insert into TRAINDB.KOCSI (ID,FEROHELY,TIPUS,KONNEKTOR,WIFI) values (44,0,2,0,1);
Insert into TRAINDB.KOCSI (ID,FEROHELY,TIPUS,KONNEKTOR,WIFI) values (45,0,2,0,0);
Insert into TRAINDB.KOCSI (ID,FEROHELY,TIPUS,KONNEKTOR,WIFI) values (46,0,3,1,0);
Insert into TRAINDB.KOCSI (ID,FEROHELY,TIPUS,KONNEKTOR,WIFI) values (47,0,3,1,0);
Insert into TRAINDB.KOCSI (ID,FEROHELY,TIPUS,KONNEKTOR,WIFI) values (48,0,3,1,0);
Insert into TRAINDB.KOCSI (ID,FEROHELY,TIPUS,KONNEKTOR,WIFI) values (49,0,4,0,0);
Insert into TRAINDB.KOCSI (ID,FEROHELY,TIPUS,KONNEKTOR,WIFI) values (50,0,3,1,0);
Insert into TRAINDB.KOCSI (ID,FEROHELY,TIPUS,KONNEKTOR,WIFI) values (51,0,1,1,1);
Insert into TRAINDB.KOCSI (ID,FEROHELY,TIPUS,KONNEKTOR,WIFI) values (52,0,1,1,0);
Insert into TRAINDB.KOCSI (ID,FEROHELY,TIPUS,KONNEKTOR,WIFI) values (53,0,3,0,0);
Insert into TRAINDB.KOCSI (ID,FEROHELY,TIPUS,KONNEKTOR,WIFI) values (54,0,2,0,0);
Insert into TRAINDB.KOCSI (ID,FEROHELY,TIPUS,KONNEKTOR,WIFI) values (55,0,3,0,0);
Insert into TRAINDB.KOCSI (ID,FEROHELY,TIPUS,KONNEKTOR,WIFI) values (56,0,2,0,0);
Insert into TRAINDB.KOCSI (ID,FEROHELY,TIPUS,KONNEKTOR,WIFI) values (57,0,3,0,0);
Insert into TRAINDB.KOCSI (ID,FEROHELY,TIPUS,KONNEKTOR,WIFI) values (58,0,2,0,0);
Insert into TRAINDB.KOCSI (ID,FEROHELY,TIPUS,KONNEKTOR,WIFI) values (59,0,1,1,0);
Insert into TRAINDB.KOCSI (ID,FEROHELY,TIPUS,KONNEKTOR,WIFI) values (60,0,3,1,0);
REM INSERTING into TRAINDB.MEGALLO
SET DEFINE OFF;
Insert into TRAINDB.MEGALLO (ID,ALLOMAS,MENETREND_ID,TIME) values (25,10,0,'+00 00:00:00.000000');
Insert into TRAINDB.MEGALLO (ID,ALLOMAS,MENETREND_ID,TIME) values (362,0,1,'+00 00:00:00.000000');
Insert into TRAINDB.MEGALLO (ID,ALLOMAS,MENETREND_ID,TIME) values (22,0,7,'+00 02:35:00.000000');
Insert into TRAINDB.MEGALLO (ID,ALLOMAS,MENETREND_ID,TIME) values (23,6,7,'+00 00:50:00.000000');
Insert into TRAINDB.MEGALLO (ID,ALLOMAS,MENETREND_ID,TIME) values (24,4,7,'+00 01:22:00.000000');
Insert into TRAINDB.MEGALLO (ID,ALLOMAS,MENETREND_ID,TIME) values (363,0,3,'+00 00:00:00.000000');
Insert into TRAINDB.MEGALLO (ID,ALLOMAS,MENETREND_ID,TIME) values (364,0,5,'+00 00:00:00.000000');
Insert into TRAINDB.MEGALLO (ID,ALLOMAS,MENETREND_ID,TIME) values (30,0,4,'+00 00:00:00.000000');
Insert into TRAINDB.MEGALLO (ID,ALLOMAS,MENETREND_ID,TIME) values (31,4,4,'+00 00:50:00.000000');
Insert into TRAINDB.MEGALLO (ID,ALLOMAS,MENETREND_ID,TIME) values (32,6,4,'+00 01:39:00.000000');
Insert into TRAINDB.MEGALLO (ID,ALLOMAS,MENETREND_ID,TIME) values (33,10,4,'+00 02:35:00.000000');
Insert into TRAINDB.MEGALLO (ID,ALLOMAS,MENETREND_ID,TIME) values (378,1,0,'+00 00:14:00.000000');
Insert into TRAINDB.MEGALLO (ID,ALLOMAS,MENETREND_ID,TIME) values (379,1,1,'+00 00:14:00.000000');
Insert into TRAINDB.MEGALLO (ID,ALLOMAS,MENETREND_ID,TIME) values (380,1,3,'+00 00:14:00.000000');
Insert into TRAINDB.MEGALLO (ID,ALLOMAS,MENETREND_ID,TIME) values (381,1,5,'+00 00:14:00.000000');
Insert into TRAINDB.MEGALLO (ID,ALLOMAS,MENETREND_ID,TIME) values (382,1,6,'+00 00:14:00.000000');
Insert into TRAINDB.MEGALLO (ID,ALLOMAS,MENETREND_ID,TIME) values (383,2,6,'+00 00:26:00.000000');
Insert into TRAINDB.MEGALLO (ID,ALLOMAS,MENETREND_ID,TIME) values (384,2,0,'+00 00:26:00.000000');
Insert into TRAINDB.MEGALLO (ID,ALLOMAS,MENETREND_ID,TIME) values (385,2,1,'+00 00:26:00.000000');
Insert into TRAINDB.MEGALLO (ID,ALLOMAS,MENETREND_ID,TIME) values (386,2,3,'+00 00:26:00.000000');
Insert into TRAINDB.MEGALLO (ID,ALLOMAS,MENETREND_ID,TIME) values (387,2,5,'+00 00:26:00.000000');
Insert into TRAINDB.MEGALLO (ID,ALLOMAS,MENETREND_ID,TIME) values (389,3,0,'+00 00:46:00.000000');
Insert into TRAINDB.MEGALLO (ID,ALLOMAS,MENETREND_ID,TIME) values (390,3,1,'+00 00:46:00.000000');
Insert into TRAINDB.MEGALLO (ID,ALLOMAS,MENETREND_ID,TIME) values (391,3,3,'+00 00:46:00.000000');
Insert into TRAINDB.MEGALLO (ID,ALLOMAS,MENETREND_ID,TIME) values (392,3,5,'+00 00:46:00.000000');
Insert into TRAINDB.MEGALLO (ID,ALLOMAS,MENETREND_ID,TIME) values (393,3,6,'+00 00:46:00.000000');
Insert into TRAINDB.MEGALLO (ID,ALLOMAS,MENETREND_ID,TIME) values (395,4,1,'+00 01:03:00.000000');
Insert into TRAINDB.MEGALLO (ID,ALLOMAS,MENETREND_ID,TIME) values (396,4,3,'+00 01:03:00.000000');
Insert into TRAINDB.MEGALLO (ID,ALLOMAS,MENETREND_ID,TIME) values (397,4,5,'+00 01:03:00.000000');
Insert into TRAINDB.MEGALLO (ID,ALLOMAS,MENETREND_ID,TIME) values (399,5,0,'+00 01:15:00.000000');
Insert into TRAINDB.MEGALLO (ID,ALLOMAS,MENETREND_ID,TIME) values (400,5,1,'+00 01:15:00.000000');
Insert into TRAINDB.MEGALLO (ID,ALLOMAS,MENETREND_ID,TIME) values (401,5,3,'+00 01:15:00.000000');
Insert into TRAINDB.MEGALLO (ID,ALLOMAS,MENETREND_ID,TIME) values (402,5,5,'+00 01:15:00.000000');
Insert into TRAINDB.MEGALLO (ID,ALLOMAS,MENETREND_ID,TIME) values (403,5,6,'+00 01:15:00.000000');
Insert into TRAINDB.MEGALLO (ID,ALLOMAS,MENETREND_ID,TIME) values (405,6,1,'+00 01:28:00.000000');
Insert into TRAINDB.MEGALLO (ID,ALLOMAS,MENETREND_ID,TIME) values (406,6,3,'+00 01:28:00.000000');
Insert into TRAINDB.MEGALLO (ID,ALLOMAS,MENETREND_ID,TIME) values (407,6,5,'+00 01:28:00.000000');
Insert into TRAINDB.MEGALLO (ID,ALLOMAS,MENETREND_ID,TIME) values (409,7,0,'+00 02:00:00.000000');
Insert into TRAINDB.MEGALLO (ID,ALLOMAS,MENETREND_ID,TIME) values (410,7,1,'+00 02:00:00.000000');
Insert into TRAINDB.MEGALLO (ID,ALLOMAS,MENETREND_ID,TIME) values (411,7,3,'+00 02:00:00.000000');
Insert into TRAINDB.MEGALLO (ID,ALLOMAS,MENETREND_ID,TIME) values (412,7,5,'+00 02:00:00.000000');
Insert into TRAINDB.MEGALLO (ID,ALLOMAS,MENETREND_ID,TIME) values (413,7,6,'+00 02:00:00.000000');
Insert into TRAINDB.MEGALLO (ID,ALLOMAS,MENETREND_ID,TIME) values (414,8,0,'+00 02:06:00.000000');
Insert into TRAINDB.MEGALLO (ID,ALLOMAS,MENETREND_ID,TIME) values (415,8,1,'+00 02:06:00.000000');
Insert into TRAINDB.MEGALLO (ID,ALLOMAS,MENETREND_ID,TIME) values (416,8,3,'+00 02:06:00.000000');
Insert into TRAINDB.MEGALLO (ID,ALLOMAS,MENETREND_ID,TIME) values (417,8,5,'+00 02:06:00.000000');
Insert into TRAINDB.MEGALLO (ID,ALLOMAS,MENETREND_ID,TIME) values (418,8,6,'+00 02:06:00.000000');
Insert into TRAINDB.MEGALLO (ID,ALLOMAS,MENETREND_ID,TIME) values (419,9,0,'+00 02:14:00.000000');
Insert into TRAINDB.MEGALLO (ID,ALLOMAS,MENETREND_ID,TIME) values (420,9,1,'+00 02:14:00.000000');
Insert into TRAINDB.MEGALLO (ID,ALLOMAS,MENETREND_ID,TIME) values (421,9,3,'+00 02:14:00.000000');
Insert into TRAINDB.MEGALLO (ID,ALLOMAS,MENETREND_ID,TIME) values (422,9,5,'+00 02:14:00.000000');
Insert into TRAINDB.MEGALLO (ID,ALLOMAS,MENETREND_ID,TIME) values (423,9,6,'+00 02:14:00.000000');
Insert into TRAINDB.MEGALLO (ID,ALLOMAS,MENETREND_ID,TIME) values (425,10,1,'+00 02:23:00.000000');
Insert into TRAINDB.MEGALLO (ID,ALLOMAS,MENETREND_ID,TIME) values (426,10,3,'+00 02:23:00.000000');
Insert into TRAINDB.MEGALLO (ID,ALLOMAS,MENETREND_ID,TIME) values (427,10,5,'+00 02:23:00.000000');
Insert into TRAINDB.MEGALLO (ID,ALLOMAS,MENETREND_ID,TIME) values (181,15,3,'+00 00:00:00.000000');
Insert into TRAINDB.MEGALLO (ID,ALLOMAS,MENETREND_ID,TIME) values (182,14,3,'+00 00:50:00.000000');
Insert into TRAINDB.MEGALLO (ID,ALLOMAS,MENETREND_ID,TIME) values (183,12,3,'+00 01:48:00.000000');
Insert into TRAINDB.MEGALLO (ID,ALLOMAS,MENETREND_ID,TIME) values (184,12,5,'+00 00:00:00.000000');
Insert into TRAINDB.MEGALLO (ID,ALLOMAS,MENETREND_ID,TIME) values (185,14,5,'+00 01:10:00.000000');
Insert into TRAINDB.MEGALLO (ID,ALLOMAS,MENETREND_ID,TIME) values (186,15,5,'+00 01:48:00.000000');
Insert into TRAINDB.MEGALLO (ID,ALLOMAS,MENETREND_ID,TIME) values (187,0,6,'+00 00:00:00.000000');
Insert into TRAINDB.MEGALLO (ID,ALLOMAS,MENETREND_ID,TIME) values (188,4,6,'+00 01:10:00.000000');
Insert into TRAINDB.MEGALLO (ID,ALLOMAS,MENETREND_ID,TIME) values (189,6,6,'+00 01:35:00.000000');
Insert into TRAINDB.MEGALLO (ID,ALLOMAS,MENETREND_ID,TIME) values (190,10,6,'+00 02:20:00.000000');
Insert into TRAINDB.MEGALLO (ID,ALLOMAS,MENETREND_ID,TIME) values (201,6,0,'+00 00:49:00.000000');
Insert into TRAINDB.MEGALLO (ID,ALLOMAS,MENETREND_ID,TIME) values (202,4,0,'+00 01:40:00.000000');
Insert into TRAINDB.MEGALLO (ID,ALLOMAS,MENETREND_ID,TIME) values (203,0,0,'+00 02:35:00.000000');
Insert into TRAINDB.MEGALLO (ID,ALLOMAS,MENETREND_ID,TIME) values (204,10,7,'+00 00:00:00.000000');
REM INSERTING into TRAINDB.MENETREND
SET DEFINE OFF;
Insert into TRAINDB.MENETREND (ID,ISMETLODES_TIPUSA,NEV,HET_NAPJA,INDUL) values (0,1,'Stormy',-1,'+00 06:00:00.000000');
Insert into TRAINDB.MENETREND (ID,ISMETLODES_TIPUSA,NEV,HET_NAPJA,INDUL) values (1,1,'Sunny',-1,'+00 08:32:00.000000');
Insert into TRAINDB.MENETREND (ID,ISMETLODES_TIPUSA,NEV,HET_NAPJA,INDUL) values (2,2,'Weekly',6,'+00 10:00:00.000000');
Insert into TRAINDB.MENETREND (ID,ISMETLODES_TIPUSA,NEV,HET_NAPJA,INDUL) values (3,1,'Sunshine',-1,'+00 08:00:00.000000');
Insert into TRAINDB.MENETREND (ID,ISMETLODES_TIPUSA,NEV,HET_NAPJA,INDUL) values (4,2,'Citily',1,'+00 08:32:00.000000');
Insert into TRAINDB.MENETREND (ID,ISMETLODES_TIPUSA,NEV,HET_NAPJA,INDUL) values (5,1,'Family',-1,'+00 07:00:00.000000');
Insert into TRAINDB.MENETREND (ID,ISMETLODES_TIPUSA,NEV,HET_NAPJA,INDUL) values (6,1,'Leader',-1,'+00 09:32:00.000000');
Insert into TRAINDB.MENETREND (ID,ISMETLODES_TIPUSA,NEV,HET_NAPJA,INDUL) values (7,1,'Freedom',-1,'+00 10:00:00.000000');
Insert into TRAINDB.MENETREND (ID,ISMETLODES_TIPUSA,NEV,HET_NAPJA,INDUL) values (8,1,'Macho',-1,'+00 11:00:00.000000');
Insert into TRAINDB.MENETREND (ID,ISMETLODES_TIPUSA,NEV,HET_NAPJA,INDUL) values (9,1,'Future',-1,'+00 12:00:00.000000');
Insert into TRAINDB.MENETREND (ID,ISMETLODES_TIPUSA,NEV,HET_NAPJA,INDUL) values (10,1,'Chunky',-1,'+00 13:00:00.000000');
REM INSERTING into TRAINDB.MOZDONY
SET DEFINE OFF;
Insert into TRAINDB.MOZDONY (ID,GYARTASI_EV,TIPUS,HUZOERO,SEBESSEG) values (11,to_date('01-JAN-70','DD-MON-RR'),3,'38524.0',116);
Insert into TRAINDB.MOZDONY (ID,GYARTASI_EV,TIPUS,HUZOERO,SEBESSEG) values (12,to_date('01-JAN-70','DD-MON-RR'),1,'94457.46',83);
Insert into TRAINDB.MOZDONY (ID,GYARTASI_EV,TIPUS,HUZOERO,SEBESSEG) values (13,to_date('16-SEP-74','DD-MON-RR'),1,'74454.27',93);
Insert into TRAINDB.MOZDONY (ID,GYARTASI_EV,TIPUS,HUZOERO,SEBESSEG) values (14,to_date('01-JAN-70','DD-MON-RR'),2,'23433.54',100);
Insert into TRAINDB.MOZDONY (ID,GYARTASI_EV,TIPUS,HUZOERO,SEBESSEG) values (15,to_date('16-MAY-71','DD-MON-RR'),1,'31079.26',99);
Insert into TRAINDB.MOZDONY (ID,GYARTASI_EV,TIPUS,HUZOERO,SEBESSEG) values (16,to_date('08-MAR-82','DD-MON-RR'),3,'18411.63',102);
Insert into TRAINDB.MOZDONY (ID,GYARTASI_EV,TIPUS,HUZOERO,SEBESSEG) values (17,to_date('01-JAN-70','DD-MON-RR'),3,'28730.27',101);
Insert into TRAINDB.MOZDONY (ID,GYARTASI_EV,TIPUS,HUZOERO,SEBESSEG) values (18,to_date('01-JAN-70','DD-MON-RR'),3,'24492.12',119);
Insert into TRAINDB.MOZDONY (ID,GYARTASI_EV,TIPUS,HUZOERO,SEBESSEG) values (19,to_date('25-DEC-90','DD-MON-RR'),2,'79096.03',83);
Insert into TRAINDB.MOZDONY (ID,GYARTASI_EV,TIPUS,HUZOERO,SEBESSEG) values (20,to_date('03-JUL-88','DD-MON-RR'),3,'18780.72',102);
Insert into TRAINDB.MOZDONY (ID,GYARTASI_EV,TIPUS,HUZOERO,SEBESSEG) values (0,to_date('01-APR-60','DD-MON-RR'),0,'1100.0',75);
Insert into TRAINDB.MOZDONY (ID,GYARTASI_EV,TIPUS,HUZOERO,SEBESSEG) values (1,to_date('01-APR-60','DD-MON-RR'),0,'980.0',75);
Insert into TRAINDB.MOZDONY (ID,GYARTASI_EV,TIPUS,HUZOERO,SEBESSEG) values (2,to_date('01-APR-80','DD-MON-RR'),1,'2.15',85);
Insert into TRAINDB.MOZDONY (ID,GYARTASI_EV,TIPUS,HUZOERO,SEBESSEG) values (3,to_date('01-APR-80','DD-MON-RR'),1,'1975.0',85);
Insert into TRAINDB.MOZDONY (ID,GYARTASI_EV,TIPUS,HUZOERO,SEBESSEG) values (10,to_date('01-APR-75','DD-MON-RR'),1,'2150.0',78);
REM INSERTING into TRAINDB.SZABADSAG
SET DEFINE OFF;
Insert into TRAINDB.SZABADSAG (ID,DOLGOZO,KEZDETE,VEGE,JOVAHAGYOTT,OK) values (12,20,to_date('13-MAY-20','DD-MON-RR'),to_date('27-MAY-20','DD-MON-RR'),0,'Just cuz');
Insert into TRAINDB.SZABADSAG (ID,DOLGOZO,KEZDETE,VEGE,JOVAHAGYOTT,OK) values (0,3,to_date('01-JAN-20','DD-MON-RR'),to_date('07-JAN-20','DD-MON-RR'),1,'Dentist');
Insert into TRAINDB.SZABADSAG (ID,DOLGOZO,KEZDETE,VEGE,JOVAHAGYOTT,OK) values (1,7,to_date('11-FEB-20','DD-MON-RR'),to_date('13-FEB-20','DD-MON-RR'),1,'Car buy');
Insert into TRAINDB.SZABADSAG (ID,DOLGOZO,KEZDETE,VEGE,JOVAHAGYOTT,OK) values (2,13,to_date('20-MAR-20','DD-MON-RR'),to_date('27-MAR-20','DD-MON-RR'),0,'Covid-19');
Insert into TRAINDB.SZABADSAG (ID,DOLGOZO,KEZDETE,VEGE,JOVAHAGYOTT,OK) values (3,2,to_date('12-MAY-20','DD-MON-RR'),to_date('15-MAY-20','DD-MON-RR'),0,'Holiday');
Insert into TRAINDB.SZABADSAG (ID,DOLGOZO,KEZDETE,VEGE,JOVAHAGYOTT,OK) values (4,1,to_date('20-MAY-20','DD-MON-RR'),to_date('25-MAY-20','DD-MON-RR'),1,'Sickness');
Insert into TRAINDB.SZABADSAG (ID,DOLGOZO,KEZDETE,VEGE,JOVAHAGYOTT,OK) values (5,19,to_date('15-JUN-20','DD-MON-RR'),to_date('18-JUN-20','DD-MON-RR'),0,'Holiday');
Insert into TRAINDB.SZABADSAG (ID,DOLGOZO,KEZDETE,VEGE,JOVAHAGYOTT,OK) values (26,17,to_date('19-JUL-24','DD-MON-RR'),to_date('23-JUL-20','DD-MON-RR'),1,'Holiday');
Insert into TRAINDB.SZABADSAG (ID,DOLGOZO,KEZDETE,VEGE,JOVAHAGYOTT,OK) values (27,4,to_date('02-MAY-20','DD-MON-RR'),to_date('07-MAY-20','DD-MON-RR'),1,'Holiday');
Insert into TRAINDB.SZABADSAG (ID,DOLGOZO,KEZDETE,VEGE,JOVAHAGYOTT,OK) values (28,20,to_date('04-APR-20','DD-MON-RR'),to_date('06-APR-20','DD-MON-RR'),1,'Sickness');
Insert into TRAINDB.SZABADSAG (ID,DOLGOZO,KEZDETE,VEGE,JOVAHAGYOTT,OK) values (29,5,to_date('08-JAN-20','DD-MON-RR'),to_date('12-JAN-20','DD-MON-RR'),1,'DENTIST');
Insert into TRAINDB.SZABADSAG (ID,DOLGOZO,KEZDETE,VEGE,JOVAHAGYOTT,OK) values (30,20,to_date('15-APR-20','DD-MON-RR'),to_date('25-APR-20','DD-MON-RR'),0,'Holiday');
Insert into TRAINDB.SZABADSAG (ID,DOLGOZO,KEZDETE,VEGE,JOVAHAGYOTT,OK) values (31,19,to_date('12-MAY-20','DD-MON-RR'),to_date('16-MAY-20','DD-MON-RR'),1,'Sickness');
Insert into TRAINDB.SZABADSAG (ID,DOLGOZO,KEZDETE,VEGE,JOVAHAGYOTT,OK) values (32,15,to_date('04-MAY-20','DD-MON-RR'),to_date('05-APR-20','DD-MON-RR'),1,'Mothers day');
Insert into TRAINDB.SZABADSAG (ID,DOLGOZO,KEZDETE,VEGE,JOVAHAGYOTT,OK) values (33,7,to_date('10-JAN-20','DD-MON-RR'),to_date('11-JAN-20','DD-MON-RR'),1,'DENTIST');
Insert into TRAINDB.SZABADSAG (ID,DOLGOZO,KEZDETE,VEGE,JOVAHAGYOTT,OK) values (9,20,to_date('29-MAY-20','DD-MON-RR'),to_date('07-JUN-20','DD-MON-RR'),0,'WELP');
Insert into TRAINDB.SZABADSAG (ID,DOLGOZO,KEZDETE,VEGE,JOVAHAGYOTT,OK) values (11,20,to_date('01-MAY-20','DD-MON-RR'),to_date('03-MAY-20','DD-MON-RR'),0,'test');
Insert into TRAINDB.SZABADSAG (ID,DOLGOZO,KEZDETE,VEGE,JOVAHAGYOTT,OK) values (6,20,to_date('15-APR-20','DD-MON-RR'),to_date('25-APR-20','DD-MON-RR'),1,'Holiday');
REM INSERTING into TRAINDB.SZEK
SET DEFINE OFF;
Insert into TRAINDB.SZEK (ID,TIPUS,ASZTAL,ABLAK,KOCSI,SZEK_SZAM) values (963,3,0,0,21,35);
Insert into TRAINDB.SZEK (ID,TIPUS,ASZTAL,ABLAK,KOCSI,SZEK_SZAM) values (964,3,0,1,21,36);
Insert into TRAINDB.SZEK (ID,TIPUS,ASZTAL,ABLAK,KOCSI,SZEK_SZAM) values (965,3,0,0,21,37);
Insert into TRAINDB.SZEK (ID,TIPUS,ASZTAL,ABLAK,KOCSI,SZEK_SZAM) values (966,3,0,0,21,38);
Insert into TRAINDB.SZEK (ID,TIPUS,ASZTAL,ABLAK,KOCSI,SZEK_SZAM) values (967,3,0,0,21,39);
Insert into TRAINDB.SZEK (ID,TIPUS,ASZTAL,ABLAK,KOCSI,SZEK_SZAM) values (968,3,1,1,21,40);
Insert into TRAINDB.SZEK (ID,TIPUS,ASZTAL,ABLAK,KOCSI,SZEK_SZAM) values (969,3,0,0,21,41);
Insert into TRAINDB.SZEK (ID,TIPUS,ASZTAL,ABLAK,KOCSI,SZEK_SZAM) values (970,1,0,0,21,42);
Insert into TRAINDB.SZEK (ID,TIPUS,ASZTAL,ABLAK,KOCSI,SZEK_SZAM) values (971,3,1,1,21,43);
Insert into TRAINDB.SZEK (ID,TIPUS,ASZTAL,ABLAK,KOCSI,SZEK_SZAM) values (972,1,0,0,21,44);
Insert into TRAINDB.SZEK (ID,TIPUS,ASZTAL,ABLAK,KOCSI,SZEK_SZAM) values (973,3,0,0,21,45);
Insert into TRAINDB.SZEK (ID,TIPUS,ASZTAL,ABLAK,KOCSI,SZEK_SZAM) values (974,3,0,1,21,46);
Insert into TRAINDB.SZEK (ID,TIPUS,ASZTAL,ABLAK,KOCSI,SZEK_SZAM) values (975,3,0,1,21,47);
Insert into TRAINDB.SZEK (ID,TIPUS,ASZTAL,ABLAK,KOCSI,SZEK_SZAM) values (976,3,0,0,21,48);
Insert into TRAINDB.SZEK (ID,TIPUS,ASZTAL,ABLAK,KOCSI,SZEK_SZAM) values (977,1,0,0,21,49);
Insert into TRAINDB.SZEK (ID,TIPUS,ASZTAL,ABLAK,KOCSI,SZEK_SZAM) values (978,3,0,0,21,50);
Insert into TRAINDB.SZEK (ID,TIPUS,ASZTAL,ABLAK,KOCSI,SZEK_SZAM) values (979,3,1,0,21,51);
Insert into TRAINDB.SZEK (ID,TIPUS,ASZTAL,ABLAK,KOCSI,SZEK_SZAM) values (980,3,0,0,21,52);
Insert into TRAINDB.SZEK (ID,TIPUS,ASZTAL,ABLAK,KOCSI,SZEK_SZAM) values (981,1,0,0,22,1);
Insert into TRAINDB.SZEK (ID,TIPUS,ASZTAL,ABLAK,KOCSI,SZEK_SZAM) values (982,1,1,0,22,2);
Insert into TRAINDB.SZEK (ID,TIPUS,ASZTAL,ABLAK,KOCSI,SZEK_SZAM) values (983,3,0,1,22,3);
Insert into TRAINDB.SZEK (ID,TIPUS,ASZTAL,ABLAK,KOCSI,SZEK_SZAM) values (984,3,0,0,22,4);
Insert into TRAINDB.SZEK (ID,TIPUS,ASZTAL,ABLAK,KOCSI,SZEK_SZAM) values (985,3,1,0,22,5);
Insert into TRAINDB.SZEK (ID,TIPUS,ASZTAL,ABLAK,KOCSI,SZEK_SZAM) values (986,3,0,1,22,6);
Insert into TRAINDB.SZEK (ID,TIPUS,ASZTAL,ABLAK,KOCSI,SZEK_SZAM) values (987,3,0,1,22,7);
Insert into TRAINDB.SZEK (ID,TIPUS,ASZTAL,ABLAK,KOCSI,SZEK_SZAM) values (988,3,1,1,22,8);
Insert into TRAINDB.SZEK (ID,TIPUS,ASZTAL,ABLAK,KOCSI,SZEK_SZAM) values (989,3,0,1,22,9);
Insert into TRAINDB.SZEK (ID,TIPUS,ASZTAL,ABLAK,KOCSI,SZEK_SZAM) values (990,1,0,0,22,10);
Insert into TRAINDB.SZEK (ID,TIPUS,ASZTAL,ABLAK,KOCSI,SZEK_SZAM) values (991,3,0,0,22,11);
Insert into TRAINDB.SZEK (ID,TIPUS,ASZTAL,ABLAK,KOCSI,SZEK_SZAM) values (992,1,0,0,22,12);
Insert into TRAINDB.SZEK (ID,TIPUS,ASZTAL,ABLAK,KOCSI,SZEK_SZAM) values (993,1,0,1,22,13);
Insert into TRAINDB.SZEK (ID,TIPUS,ASZTAL,ABLAK,KOCSI,SZEK_SZAM) values (994,1,0,1,22,14);
Insert into TRAINDB.SZEK (ID,TIPUS,ASZTAL,ABLAK,KOCSI,SZEK_SZAM) values (995,2,0,1,22,15);
Insert into TRAINDB.SZEK (ID,TIPUS,ASZTAL,ABLAK,KOCSI,SZEK_SZAM) values (996,1,0,0,22,16);
Insert into TRAINDB.SZEK (ID,TIPUS,ASZTAL,ABLAK,KOCSI,SZEK_SZAM) values (997,3,0,0,22,17);
Insert into TRAINDB.SZEK (ID,TIPUS,ASZTAL,ABLAK,KOCSI,SZEK_SZAM) values (998,3,0,0,22,18);
Insert into TRAINDB.SZEK (ID,TIPUS,ASZTAL,ABLAK,KOCSI,SZEK_SZAM) values (999,1,0,1,22,19);
Insert into TRAINDB.SZEK (ID,TIPUS,ASZTAL,ABLAK,KOCSI,SZEK_SZAM) values (1000,3,0,1,22,20);
Insert into TRAINDB.SZEK (ID,TIPUS,ASZTAL,ABLAK,KOCSI,SZEK_SZAM) values (1001,1,0,0,22,21);
Insert into TRAINDB.SZEK (ID,TIPUS,ASZTAL,ABLAK,KOCSI,SZEK_SZAM) values (1002,1,1,0,22,22);
Insert into TRAINDB.SZEK (ID,TIPUS,ASZTAL,ABLAK,KOCSI,SZEK_SZAM) values (1003,3,0,0,22,23);
Insert into TRAINDB.SZEK (ID,TIPUS,ASZTAL,ABLAK,KOCSI,SZEK_SZAM) values (1004,3,0,0,22,24);
Insert into TRAINDB.SZEK (ID,TIPUS,ASZTAL,ABLAK,KOCSI,SZEK_SZAM) values (1005,1,0,1,22,25);
Insert into TRAINDB.SZEK (ID,TIPUS,ASZTAL,ABLAK,KOCSI,SZEK_SZAM) values (1006,1,1,1,22,26);
Insert into TRAINDB.SZEK (ID,TIPUS,ASZTAL,ABLAK,KOCSI,SZEK_SZAM) values (1007,3,0,0,22,27);
Insert into TRAINDB.SZEK (ID,TIPUS,ASZTAL,ABLAK,KOCSI,SZEK_SZAM) values (1008,3,0,0,22,28);
Insert into TRAINDB.SZEK (ID,TIPUS,ASZTAL,ABLAK,KOCSI,SZEK_SZAM) values (1009,3,1,0,22,29);
Insert into TRAINDB.SZEK (ID,TIPUS,ASZTAL,ABLAK,KOCSI,SZEK_SZAM) values (1010,1,0,1,22,30);
Insert into TRAINDB.SZEK (ID,TIPUS,ASZTAL,ABLAK,KOCSI,SZEK_SZAM) values (1011,3,0,0,22,31);
Insert into TRAINDB.SZEK (ID,TIPUS,ASZTAL,ABLAK,KOCSI,SZEK_SZAM) values (1012,3,0,0,22,32);
Insert into TRAINDB.SZEK (ID,TIPUS,ASZTAL,ABLAK,KOCSI,SZEK_SZAM) values (1013,3,0,0,22,33);
Insert into TRAINDB.SZEK (ID,TIPUS,ASZTAL,ABLAK,KOCSI,SZEK_SZAM) values (1014,2,1,1,22,34);
Insert into TRAINDB.SZEK (ID,TIPUS,ASZTAL,ABLAK,KOCSI,SZEK_SZAM) values (1015,1,0,1,22,35);
Insert into TRAINDB.SZEK (ID,TIPUS,ASZTAL,ABLAK,KOCSI,SZEK_SZAM) values (1016,3,0,1,22,36);
Insert into TRAINDB.SZEK (ID,TIPUS,ASZTAL,ABLAK,KOCSI,SZEK_SZAM) values (1017,3,0,0,22,37);
Insert into TRAINDB.SZEK (ID,TIPUS,ASZTAL,ABLAK,KOCSI,SZEK_SZAM) values (1018,3,0,1,22,38);
Insert into TRAINDB.SZEK (ID,TIPUS,ASZTAL,ABLAK,KOCSI,SZEK_SZAM) values (1019,3,1,0,22,39);
Insert into TRAINDB.SZEK (ID,TIPUS,ASZTAL,ABLAK,KOCSI,SZEK_SZAM) values (1020,2,1,0,22,40);
Insert into TRAINDB.SZEK (ID,TIPUS,ASZTAL,ABLAK,KOCSI,SZEK_SZAM) values (1021,3,0,1,22,41);
Insert into TRAINDB.SZEK (ID,TIPUS,ASZTAL,ABLAK,KOCSI,SZEK_SZAM) values (1022,1,1,1,22,42);
Insert into TRAINDB.SZEK (ID,TIPUS,ASZTAL,ABLAK,KOCSI,SZEK_SZAM) values (1023,3,0,1,22,43);
Insert into TRAINDB.SZEK (ID,TIPUS,ASZTAL,ABLAK,KOCSI,SZEK_SZAM) values (1024,3,0,1,22,44);
Insert into TRAINDB.SZEK (ID,TIPUS,ASZTAL,ABLAK,KOCSI,SZEK_SZAM) values (1025,3,0,0,22,45);
Insert into TRAINDB.SZEK (ID,TIPUS,ASZTAL,ABLAK,KOCSI,SZEK_SZAM) values (1026,3,0,1,22,46);
Insert into TRAINDB.SZEK (ID,TIPUS,ASZTAL,ABLAK,KOCSI,SZEK_SZAM) values (1027,3,0,0,22,47);
Insert into TRAINDB.SZEK (ID,TIPUS,ASZTAL,ABLAK,KOCSI,SZEK_SZAM) values (1028,3,0,1,22,48);
Insert into TRAINDB.SZEK (ID,TIPUS,ASZTAL,ABLAK,KOCSI,SZEK_SZAM) values (1029,3,1,0,22,49);
Insert into TRAINDB.SZEK (ID,TIPUS,ASZTAL,ABLAK,KOCSI,SZEK_SZAM) values (1030,3,1,0,22,50);
Insert into TRAINDB.SZEK (ID,TIPUS,ASZTAL,ABLAK,KOCSI,SZEK_SZAM) values (1,3,0,0,1,1);
Insert into TRAINDB.SZEK (ID,TIPUS,ASZTAL,ABLAK,KOCSI,SZEK_SZAM) values (2,3,0,0,1,2);
Insert into TRAINDB.SZEK (ID,TIPUS,ASZTAL,ABLAK,KOCSI,SZEK_SZAM) values (3,3,1,0,1,3);
Insert into TRAINDB.SZEK (ID,TIPUS,ASZTAL,ABLAK,KOCSI,SZEK_SZAM) values (4,3,0,1,1,4);
Insert into TRAINDB.SZEK (ID,TIPUS,ASZTAL,ABLAK,KOCSI,SZEK_SZAM) values (5,3,1,1,1,5);
Insert into TRAINDB.SZEK (ID,TIPUS,ASZTAL,ABLAK,KOCSI,SZEK_SZAM) values (6,3,0,1,1,6);
Insert into TRAINDB.SZEK (ID,TIPUS,ASZTAL,ABLAK,KOCSI,SZEK_SZAM) values (7,3,1,0,1,7);
Insert into TRAINDB.SZEK (ID,TIPUS,ASZTAL,ABLAK,KOCSI,SZEK_SZAM) values (8,3,0,0,1,8);
Insert into TRAINDB.SZEK (ID,TIPUS,ASZTAL,ABLAK,KOCSI,SZEK_SZAM) values (9,3,0,0,1,9);
Insert into TRAINDB.SZEK (ID,TIPUS,ASZTAL,ABLAK,KOCSI,SZEK_SZAM) values (10,1,0,0,1,10);
Insert into TRAINDB.SZEK (ID,TIPUS,ASZTAL,ABLAK,KOCSI,SZEK_SZAM) values (11,3,1,1,1,11);
Insert into TRAINDB.SZEK (ID,TIPUS,ASZTAL,ABLAK,KOCSI,SZEK_SZAM) values (12,3,0,1,1,12);
Insert into TRAINDB.SZEK (ID,TIPUS,ASZTAL,ABLAK,KOCSI,SZEK_SZAM) values (13,2,0,0,1,13);
Insert into TRAINDB.SZEK (ID,TIPUS,ASZTAL,ABLAK,KOCSI,SZEK_SZAM) values (14,3,0,0,1,14);
Insert into TRAINDB.SZEK (ID,TIPUS,ASZTAL,ABLAK,KOCSI,SZEK_SZAM) values (15,3,0,0,1,15);
Insert into TRAINDB.SZEK (ID,TIPUS,ASZTAL,ABLAK,KOCSI,SZEK_SZAM) values (16,2,0,0,1,16);
Insert into TRAINDB.SZEK (ID,TIPUS,ASZTAL,ABLAK,KOCSI,SZEK_SZAM) values (17,3,0,0,1,17);
Insert into TRAINDB.SZEK (ID,TIPUS,ASZTAL,ABLAK,KOCSI,SZEK_SZAM) values (18,3,0,0,1,18);
Insert into TRAINDB.SZEK (ID,TIPUS,ASZTAL,ABLAK,KOCSI,SZEK_SZAM) values (19,2,0,1,1,19);
Insert into TRAINDB.SZEK (ID,TIPUS,ASZTAL,ABLAK,KOCSI,SZEK_SZAM) values (20,3,1,1,1,20);
Insert into TRAINDB.SZEK (ID,TIPUS,ASZTAL,ABLAK,KOCSI,SZEK_SZAM) values (21,3,1,0,1,21);
Insert into TRAINDB.SZEK (ID,TIPUS,ASZTAL,ABLAK,KOCSI,SZEK_SZAM) values (22,3,0,1,1,22);
Insert into TRAINDB.SZEK (ID,TIPUS,ASZTAL,ABLAK,KOCSI,SZEK_SZAM) values (23,3,0,0,1,23);
Insert into TRAINDB.SZEK (ID,TIPUS,ASZTAL,ABLAK,KOCSI,SZEK_SZAM) values (24,2,0,0,1,24);
Insert into TRAINDB.SZEK (ID,TIPUS,ASZTAL,ABLAK,KOCSI,SZEK_SZAM) values (25,3,0,0,1,25);
Insert into TRAINDB.SZEK (ID,TIPUS,ASZTAL,ABLAK,KOCSI,SZEK_SZAM) values (26,1,0,1,1,26);
Insert into TRAINDB.SZEK (ID,TIPUS,ASZTAL,ABLAK,KOCSI,SZEK_SZAM) values (27,1,1,0,1,27);
Insert into TRAINDB.SZEK (ID,TIPUS,ASZTAL,ABLAK,KOCSI,SZEK_SZAM) values (28,3,0,1,1,28);
Insert into TRAINDB.SZEK (ID,TIPUS,ASZTAL,ABLAK,KOCSI,SZEK_SZAM) values (29,3,1,0,1,29);
Insert into TRAINDB.SZEK (ID,TIPUS,ASZTAL,ABLAK,KOCSI,SZEK_SZAM) values (30,3,0,1,1,30);
Insert into TRAINDB.SZEK (ID,TIPUS,ASZTAL,ABLAK,KOCSI,SZEK_SZAM) values (31,3,0,1,1,31);
Insert into TRAINDB.SZEK (ID,TIPUS,ASZTAL,ABLAK,KOCSI,SZEK_SZAM) values (32,3,0,0,1,32);
Insert into TRAINDB.SZEK (ID,TIPUS,ASZTAL,ABLAK,KOCSI,SZEK_SZAM) values (33,3,0,1,1,33);
Insert into TRAINDB.SZEK (ID,TIPUS,ASZTAL,ABLAK,KOCSI,SZEK_SZAM) values (34,3,1,0,1,34);
Insert into TRAINDB.SZEK (ID,TIPUS,ASZTAL,ABLAK,KOCSI,SZEK_SZAM) values (35,3,1,0,1,35);
Insert into TRAINDB.SZEK (ID,TIPUS,ASZTAL,ABLAK,KOCSI,SZEK_SZAM) values (36,3,0,0,1,36);
Insert into TRAINDB.SZEK (ID,TIPUS,ASZTAL,ABLAK,KOCSI,SZEK_SZAM) values (37,2,0,1,1,37);
Insert into TRAINDB.SZEK (ID,TIPUS,ASZTAL,ABLAK,KOCSI,SZEK_SZAM) values (38,3,0,0,1,38);
Insert into TRAINDB.SZEK (ID,TIPUS,ASZTAL,ABLAK,KOCSI,SZEK_SZAM) values (39,3,0,1,1,39);
Insert into TRAINDB.SZEK (ID,TIPUS,ASZTAL,ABLAK,KOCSI,SZEK_SZAM) values (40,3,1,1,1,40);
Insert into TRAINDB.SZEK (ID,TIPUS,ASZTAL,ABLAK,KOCSI,SZEK_SZAM) values (41,1,1,0,1,41);
Insert into TRAINDB.SZEK (ID,TIPUS,ASZTAL,ABLAK,KOCSI,SZEK_SZAM) values (42,1,0,0,1,42);
Insert into TRAINDB.SZEK (ID,TIPUS,ASZTAL,ABLAK,KOCSI,SZEK_SZAM) values (43,3,0,1,1,43);
Insert into TRAINDB.SZEK (ID,TIPUS,ASZTAL,ABLAK,KOCSI,SZEK_SZAM) values (44,1,0,1,1,44);
Insert into TRAINDB.SZEK (ID,TIPUS,ASZTAL,ABLAK,KOCSI,SZEK_SZAM) values (45,3,0,0,1,45);
Insert into TRAINDB.SZEK (ID,TIPUS,ASZTAL,ABLAK,KOCSI,SZEK_SZAM) values (46,3,1,0,1,46);
Insert into TRAINDB.SZEK (ID,TIPUS,ASZTAL,ABLAK,KOCSI,SZEK_SZAM) values (47,3,0,0,1,47);
Insert into TRAINDB.SZEK (ID,TIPUS,ASZTAL,ABLAK,KOCSI,SZEK_SZAM) values (48,3,0,0,1,48);
Insert into TRAINDB.SZEK (ID,TIPUS,ASZTAL,ABLAK,KOCSI,SZEK_SZAM) values (49,3,0,0,1,49);
Insert into TRAINDB.SZEK (ID,TIPUS,ASZTAL,ABLAK,KOCSI,SZEK_SZAM) values (50,3,0,0,1,50);
Insert into TRAINDB.SZEK (ID,TIPUS,ASZTAL,ABLAK,KOCSI,SZEK_SZAM) values (51,3,0,1,1,51);
Insert into TRAINDB.SZEK (ID,TIPUS,ASZTAL,ABLAK,KOCSI,SZEK_SZAM) values (52,3,0,0,1,52);
Insert into TRAINDB.SZEK (ID,TIPUS,ASZTAL,ABLAK,KOCSI,SZEK_SZAM) values (53,3,1,1,1,53);
Insert into TRAINDB.SZEK (ID,TIPUS,ASZTAL,ABLAK,KOCSI,SZEK_SZAM) values (54,1,0,0,1,54);
Insert into TRAINDB.SZEK (ID,TIPUS,ASZTAL,ABLAK,KOCSI,SZEK_SZAM) values (55,3,1,0,1,55);
Insert into TRAINDB.SZEK (ID,TIPUS,ASZTAL,ABLAK,KOCSI,SZEK_SZAM) values (56,3,0,0,1,56);
Insert into TRAINDB.SZEK (ID,TIPUS,ASZTAL,ABLAK,KOCSI,SZEK_SZAM) values (57,3,0,1,1,57);
Insert into TRAINDB.SZEK (ID,TIPUS,ASZTAL,ABLAK,KOCSI,SZEK_SZAM) values (58,3,0,0,1,58);
Insert into TRAINDB.SZEK (ID,TIPUS,ASZTAL,ABLAK,KOCSI,SZEK_SZAM) values (59,3,0,0,1,59);
Insert into TRAINDB.SZEK (ID,TIPUS,ASZTAL,ABLAK,KOCSI,SZEK_SZAM) values (60,3,1,0,1,60);
Insert into TRAINDB.SZEK (ID,TIPUS,ASZTAL,ABLAK,KOCSI,SZEK_SZAM) values (61,3,1,1,2,1);
Insert into TRAINDB.SZEK (ID,TIPUS,ASZTAL,ABLAK,KOCSI,SZEK_SZAM) values (62,3,0,1,2,2);
Insert into TRAINDB.SZEK (ID,TIPUS,ASZTAL,ABLAK,KOCSI,SZEK_SZAM) values (63,1,0,1,2,3);
Insert into TRAINDB.SZEK (ID,TIPUS,ASZTAL,ABLAK,KOCSI,SZEK_SZAM) values (64,3,0,0,2,4);
Insert into TRAINDB.SZEK (ID,TIPUS,ASZTAL,ABLAK,KOCSI,SZEK_SZAM) values (65,3,0,0,2,5);
Insert into TRAINDB.SZEK (ID,TIPUS,ASZTAL,ABLAK,KOCSI,SZEK_SZAM) values (66,3,0,0,2,6);
Insert into TRAINDB.SZEK (ID,TIPUS,ASZTAL,ABLAK,KOCSI,SZEK_SZAM) values (67,3,0,1,2,7);
Insert into TRAINDB.SZEK (ID,TIPUS,ASZTAL,ABLAK,KOCSI,SZEK_SZAM) values (68,3,0,0,2,8);
Insert into TRAINDB.SZEK (ID,TIPUS,ASZTAL,ABLAK,KOCSI,SZEK_SZAM) values (69,3,1,1,2,9);
Insert into TRAINDB.SZEK (ID,TIPUS,ASZTAL,ABLAK,KOCSI,SZEK_SZAM) values (70,1,0,0,2,10);
Insert into TRAINDB.SZEK (ID,TIPUS,ASZTAL,ABLAK,KOCSI,SZEK_SZAM) values (71,2,0,0,2,11);
Insert into TRAINDB.SZEK (ID,TIPUS,ASZTAL,ABLAK,KOCSI,SZEK_SZAM) values (72,1,0,1,2,12);
Insert into TRAINDB.SZEK (ID,TIPUS,ASZTAL,ABLAK,KOCSI,SZEK_SZAM) values (73,3,0,0,2,13);
Insert into TRAINDB.SZEK (ID,TIPUS,ASZTAL,ABLAK,KOCSI,SZEK_SZAM) values (74,3,0,1,2,14);
Insert into TRAINDB.SZEK (ID,TIPUS,ASZTAL,ABLAK,KOCSI,SZEK_SZAM) values (75,3,0,1,2,15);
Insert into TRAINDB.SZEK (ID,TIPUS,ASZTAL,ABLAK,KOCSI,SZEK_SZAM) values (76,3,0,0,2,16);
Insert into TRAINDB.SZEK (ID,TIPUS,ASZTAL,ABLAK,KOCSI,SZEK_SZAM) values (77,1,0,0,2,17);
Insert into TRAINDB.SZEK (ID,TIPUS,ASZTAL,ABLAK,KOCSI,SZEK_SZAM) values (78,1,1,1,2,18);
Insert into TRAINDB.SZEK (ID,TIPUS,ASZTAL,ABLAK,KOCSI,SZEK_SZAM) values (79,3,1,1,2,19);
Insert into TRAINDB.SZEK (ID,TIPUS,ASZTAL,ABLAK,KOCSI,SZEK_SZAM) values (80,3,0,1,2,20);
Insert into TRAINDB.SZEK (ID,TIPUS,ASZTAL,ABLAK,KOCSI,SZEK_SZAM) values (81,1,0,1,3,1);
Insert into TRAINDB.SZEK (ID,TIPUS,ASZTAL,ABLAK,KOCSI,SZEK_SZAM) values (82,3,0,1,3,2);
Insert into TRAINDB.SZEK (ID,TIPUS,ASZTAL,ABLAK,KOCSI,SZEK_SZAM) values (83,3,0,0,3,3);
Insert into TRAINDB.SZEK (ID,TIPUS,ASZTAL,ABLAK,KOCSI,SZEK_SZAM) values (84,3,0,1,3,4);
Insert into TRAINDB.SZEK (ID,TIPUS,ASZTAL,ABLAK,KOCSI,SZEK_SZAM) values (85,3,0,1,3,5);
Insert into TRAINDB.SZEK (ID,TIPUS,ASZTAL,ABLAK,KOCSI,SZEK_SZAM) values (86,3,0,1,3,6);
Insert into TRAINDB.SZEK (ID,TIPUS,ASZTAL,ABLAK,KOCSI,SZEK_SZAM) values (87,1,0,1,3,7);
Insert into TRAINDB.SZEK (ID,TIPUS,ASZTAL,ABLAK,KOCSI,SZEK_SZAM) values (88,3,1,0,3,8);
Insert into TRAINDB.SZEK (ID,TIPUS,ASZTAL,ABLAK,KOCSI,SZEK_SZAM) values (89,1,0,1,3,9);
Insert into TRAINDB.SZEK (ID,TIPUS,ASZTAL,ABLAK,KOCSI,SZEK_SZAM) values (90,3,0,1,3,10);
Insert into TRAINDB.SZEK (ID,TIPUS,ASZTAL,ABLAK,KOCSI,SZEK_SZAM) values (91,3,0,0,3,11);
Insert into TRAINDB.SZEK (ID,TIPUS,ASZTAL,ABLAK,KOCSI,SZEK_SZAM) values (92,3,0,1,3,12);
Insert into TRAINDB.SZEK (ID,TIPUS,ASZTAL,ABLAK,KOCSI,SZEK_SZAM) values (93,3,0,0,3,13);
Insert into TRAINDB.SZEK (ID,TIPUS,ASZTAL,ABLAK,KOCSI,SZEK_SZAM) values (94,3,0,1,3,14);
Insert into TRAINDB.SZEK (ID,TIPUS,ASZTAL,ABLAK,KOCSI,SZEK_SZAM) values (95,3,0,0,3,15);
Insert into TRAINDB.SZEK (ID,TIPUS,ASZTAL,ABLAK,KOCSI,SZEK_SZAM) values (96,3,1,0,3,16);
Insert into TRAINDB.SZEK (ID,TIPUS,ASZTAL,ABLAK,KOCSI,SZEK_SZAM) values (97,3,1,0,3,17);
Insert into TRAINDB.SZEK (ID,TIPUS,ASZTAL,ABLAK,KOCSI,SZEK_SZAM) values (98,3,0,0,3,18);
Insert into TRAINDB.SZEK (ID,TIPUS,ASZTAL,ABLAK,KOCSI,SZEK_SZAM) values (99,3,0,1,3,19);
Insert into TRAINDB.SZEK (ID,TIPUS,ASZTAL,ABLAK,KOCSI,SZEK_SZAM) values (100,3,0,0,3,20);
Insert into TRAINDB.SZEK (ID,TIPUS,ASZTAL,ABLAK,KOCSI,SZEK_SZAM) values (101,3,0,0,3,21);
Insert into TRAINDB.SZEK (ID,TIPUS,ASZTAL,ABLAK,KOCSI,SZEK_SZAM) values (102,3,0,0,3,22);
Insert into TRAINDB.SZEK (ID,TIPUS,ASZTAL,ABLAK,KOCSI,SZEK_SZAM) values (103,3,1,0,3,23);
Insert into TRAINDB.SZEK (ID,TIPUS,ASZTAL,ABLAK,KOCSI,SZEK_SZAM) values (104,1,1,0,3,24);
Insert into TRAINDB.SZEK (ID,TIPUS,ASZTAL,ABLAK,KOCSI,SZEK_SZAM) values (105,3,1,1,3,25);
Insert into TRAINDB.SZEK (ID,TIPUS,ASZTAL,ABLAK,KOCSI,SZEK_SZAM) values (106,1,0,0,3,26);
Insert into TRAINDB.SZEK (ID,TIPUS,ASZTAL,ABLAK,KOCSI,SZEK_SZAM) values (107,3,0,1,3,27);
Insert into TRAINDB.SZEK (ID,TIPUS,ASZTAL,ABLAK,KOCSI,SZEK_SZAM) values (108,3,0,1,3,28);
Insert into TRAINDB.SZEK (ID,TIPUS,ASZTAL,ABLAK,KOCSI,SZEK_SZAM) values (109,3,0,0,3,29);
Insert into TRAINDB.SZEK (ID,TIPUS,ASZTAL,ABLAK,KOCSI,SZEK_SZAM) values (110,3,0,0,3,30);
Insert into TRAINDB.SZEK (ID,TIPUS,ASZTAL,ABLAK,KOCSI,SZEK_SZAM) values (111,1,1,0,3,31);
Insert into TRAINDB.SZEK (ID,TIPUS,ASZTAL,ABLAK,KOCSI,SZEK_SZAM) values (112,3,0,1,3,32);
Insert into TRAINDB.SZEK (ID,TIPUS,ASZTAL,ABLAK,KOCSI,SZEK_SZAM) values (113,1,1,1,3,33);
Insert into TRAINDB.SZEK (ID,TIPUS,ASZTAL,ABLAK,KOCSI,SZEK_SZAM) values (114,3,0,0,3,34);
Insert into TRAINDB.SZEK (ID,TIPUS,ASZTAL,ABLAK,KOCSI,SZEK_SZAM) values (115,1,1,0,3,35);
Insert into TRAINDB.SZEK (ID,TIPUS,ASZTAL,ABLAK,KOCSI,SZEK_SZAM) values (116,2,0,1,3,36);
Insert into TRAINDB.SZEK (ID,TIPUS,ASZTAL,ABLAK,KOCSI,SZEK_SZAM) values (117,3,0,1,3,37);
Insert into TRAINDB.SZEK (ID,TIPUS,ASZTAL,ABLAK,KOCSI,SZEK_SZAM) values (118,3,0,1,3,38);
Insert into TRAINDB.SZEK (ID,TIPUS,ASZTAL,ABLAK,KOCSI,SZEK_SZAM) values (119,3,0,0,3,39);
Insert into TRAINDB.SZEK (ID,TIPUS,ASZTAL,ABLAK,KOCSI,SZEK_SZAM) values (120,3,0,0,3,40);
Insert into TRAINDB.SZEK (ID,TIPUS,ASZTAL,ABLAK,KOCSI,SZEK_SZAM) values (121,1,0,1,3,41);
Insert into TRAINDB.SZEK (ID,TIPUS,ASZTAL,ABLAK,KOCSI,SZEK_SZAM) values (122,1,0,1,3,42);
Insert into TRAINDB.SZEK (ID,TIPUS,ASZTAL,ABLAK,KOCSI,SZEK_SZAM) values (123,3,0,1,3,43);
Insert into TRAINDB.SZEK (ID,TIPUS,ASZTAL,ABLAK,KOCSI,SZEK_SZAM) values (124,1,0,1,3,44);
Insert into TRAINDB.SZEK (ID,TIPUS,ASZTAL,ABLAK,KOCSI,SZEK_SZAM) values (125,3,1,1,3,45);
Insert into TRAINDB.SZEK (ID,TIPUS,ASZTAL,ABLAK,KOCSI,SZEK_SZAM) values (126,3,1,0,3,46);
Insert into TRAINDB.SZEK (ID,TIPUS,ASZTAL,ABLAK,KOCSI,SZEK_SZAM) values (127,1,0,1,3,47);
Insert into TRAINDB.SZEK (ID,TIPUS,ASZTAL,ABLAK,KOCSI,SZEK_SZAM) values (128,3,1,0,3,48);
Insert into TRAINDB.SZEK (ID,TIPUS,ASZTAL,ABLAK,KOCSI,SZEK_SZAM) values (129,3,1,0,3,49);
Insert into TRAINDB.SZEK (ID,TIPUS,ASZTAL,ABLAK,KOCSI,SZEK_SZAM) values (130,1,0,0,3,50);
Insert into TRAINDB.SZEK (ID,TIPUS,ASZTAL,ABLAK,KOCSI,SZEK_SZAM) values (131,3,0,0,3,51);
Insert into TRAINDB.SZEK (ID,TIPUS,ASZTAL,ABLAK,KOCSI,SZEK_SZAM) values (132,3,0,1,3,52);
Insert into TRAINDB.SZEK (ID,TIPUS,ASZTAL,ABLAK,KOCSI,SZEK_SZAM) values (133,3,0,1,4,1);
Insert into TRAINDB.SZEK (ID,TIPUS,ASZTAL,ABLAK,KOCSI,SZEK_SZAM) values (134,3,1,0,4,2);
Insert into TRAINDB.SZEK (ID,TIPUS,ASZTAL,ABLAK,KOCSI,SZEK_SZAM) values (135,3,1,0,4,3);
Insert into TRAINDB.SZEK (ID,TIPUS,ASZTAL,ABLAK,KOCSI,SZEK_SZAM) values (136,3,0,1,4,4);
Insert into TRAINDB.SZEK (ID,TIPUS,ASZTAL,ABLAK,KOCSI,SZEK_SZAM) values (137,3,1,1,4,5);
Insert into TRAINDB.SZEK (ID,TIPUS,ASZTAL,ABLAK,KOCSI,SZEK_SZAM) values (138,3,0,0,4,6);
Insert into TRAINDB.SZEK (ID,TIPUS,ASZTAL,ABLAK,KOCSI,SZEK_SZAM) values (139,1,1,0,4,7);
Insert into TRAINDB.SZEK (ID,TIPUS,ASZTAL,ABLAK,KOCSI,SZEK_SZAM) values (140,3,0,1,4,8);
Insert into TRAINDB.SZEK (ID,TIPUS,ASZTAL,ABLAK,KOCSI,SZEK_SZAM) values (141,3,0,0,4,9);
Insert into TRAINDB.SZEK (ID,TIPUS,ASZTAL,ABLAK,KOCSI,SZEK_SZAM) values (142,3,1,1,4,10);
Insert into TRAINDB.SZEK (ID,TIPUS,ASZTAL,ABLAK,KOCSI,SZEK_SZAM) values (143,3,1,0,4,11);
Insert into TRAINDB.SZEK (ID,TIPUS,ASZTAL,ABLAK,KOCSI,SZEK_SZAM) values (144,2,0,1,4,12);
Insert into TRAINDB.SZEK (ID,TIPUS,ASZTAL,ABLAK,KOCSI,SZEK_SZAM) values (145,1,0,0,4,13);
Insert into TRAINDB.SZEK (ID,TIPUS,ASZTAL,ABLAK,KOCSI,SZEK_SZAM) values (146,1,0,1,4,14);
Insert into TRAINDB.SZEK (ID,TIPUS,ASZTAL,ABLAK,KOCSI,SZEK_SZAM) values (147,3,0,0,4,15);
Insert into TRAINDB.SZEK (ID,TIPUS,ASZTAL,ABLAK,KOCSI,SZEK_SZAM) values (148,3,0,0,4,16);
Insert into TRAINDB.SZEK (ID,TIPUS,ASZTAL,ABLAK,KOCSI,SZEK_SZAM) values (149,3,1,1,4,17);
Insert into TRAINDB.SZEK (ID,TIPUS,ASZTAL,ABLAK,KOCSI,SZEK_SZAM) values (150,1,0,1,4,18);
Insert into TRAINDB.SZEK (ID,TIPUS,ASZTAL,ABLAK,KOCSI,SZEK_SZAM) values (151,3,0,0,4,19);
Insert into TRAINDB.SZEK (ID,TIPUS,ASZTAL,ABLAK,KOCSI,SZEK_SZAM) values (152,3,0,1,4,20);
Insert into TRAINDB.SZEK (ID,TIPUS,ASZTAL,ABLAK,KOCSI,SZEK_SZAM) values (153,3,0,0,4,21);
Insert into TRAINDB.SZEK (ID,TIPUS,ASZTAL,ABLAK,KOCSI,SZEK_SZAM) values (154,3,0,0,4,22);
Insert into TRAINDB.SZEK (ID,TIPUS,ASZTAL,ABLAK,KOCSI,SZEK_SZAM) values (155,1,0,0,4,23);
Insert into TRAINDB.SZEK (ID,TIPUS,ASZTAL,ABLAK,KOCSI,SZEK_SZAM) values (156,3,1,0,4,24);
Insert into TRAINDB.SZEK (ID,TIPUS,ASZTAL,ABLAK,KOCSI,SZEK_SZAM) values (157,3,0,1,4,25);
Insert into TRAINDB.SZEK (ID,TIPUS,ASZTAL,ABLAK,KOCSI,SZEK_SZAM) values (158,3,1,1,4,26);
Insert into TRAINDB.SZEK (ID,TIPUS,ASZTAL,ABLAK,KOCSI,SZEK_SZAM) values (159,3,0,0,4,27);
Insert into TRAINDB.SZEK (ID,TIPUS,ASZTAL,ABLAK,KOCSI,SZEK_SZAM) values (160,3,0,1,4,28);
Insert into TRAINDB.SZEK (ID,TIPUS,ASZTAL,ABLAK,KOCSI,SZEK_SZAM) values (161,3,0,1,4,29);
Insert into TRAINDB.SZEK (ID,TIPUS,ASZTAL,ABLAK,KOCSI,SZEK_SZAM) values (162,1,0,1,4,30);
Insert into TRAINDB.SZEK (ID,TIPUS,ASZTAL,ABLAK,KOCSI,SZEK_SZAM) values (163,3,0,0,4,31);
Insert into TRAINDB.SZEK (ID,TIPUS,ASZTAL,ABLAK,KOCSI,SZEK_SZAM) values (164,3,0,1,4,32);
Insert into TRAINDB.SZEK (ID,TIPUS,ASZTAL,ABLAK,KOCSI,SZEK_SZAM) values (165,2,1,0,4,33);
Insert into TRAINDB.SZEK (ID,TIPUS,ASZTAL,ABLAK,KOCSI,SZEK_SZAM) values (166,3,0,0,4,34);
Insert into TRAINDB.SZEK (ID,TIPUS,ASZTAL,ABLAK,KOCSI,SZEK_SZAM) values (167,3,0,1,4,35);
Insert into TRAINDB.SZEK (ID,TIPUS,ASZTAL,ABLAK,KOCSI,SZEK_SZAM) values (168,3,0,1,4,36);
Insert into TRAINDB.SZEK (ID,TIPUS,ASZTAL,ABLAK,KOCSI,SZEK_SZAM) values (169,3,0,1,4,37);
Insert into TRAINDB.SZEK (ID,TIPUS,ASZTAL,ABLAK,KOCSI,SZEK_SZAM) values (170,1,0,1,4,38);
Insert into TRAINDB.SZEK (ID,TIPUS,ASZTAL,ABLAK,KOCSI,SZEK_SZAM) values (171,1,0,1,4,39);
Insert into TRAINDB.SZEK (ID,TIPUS,ASZTAL,ABLAK,KOCSI,SZEK_SZAM) values (172,2,0,1,4,40);
Insert into TRAINDB.SZEK (ID,TIPUS,ASZTAL,ABLAK,KOCSI,SZEK_SZAM) values (173,1,0,0,4,41);
Insert into TRAINDB.SZEK (ID,TIPUS,ASZTAL,ABLAK,KOCSI,SZEK_SZAM) values (174,3,1,0,4,42);
Insert into TRAINDB.SZEK (ID,TIPUS,ASZTAL,ABLAK,KOCSI,SZEK_SZAM) values (175,3,0,1,4,43);
Insert into TRAINDB.SZEK (ID,TIPUS,ASZTAL,ABLAK,KOCSI,SZEK_SZAM) values (176,3,0,0,4,44);
Insert into TRAINDB.SZEK (ID,TIPUS,ASZTAL,ABLAK,KOCSI,SZEK_SZAM) values (177,3,0,1,4,45);
Insert into TRAINDB.SZEK (ID,TIPUS,ASZTAL,ABLAK,KOCSI,SZEK_SZAM) values (178,1,0,1,4,46);
Insert into TRAINDB.SZEK (ID,TIPUS,ASZTAL,ABLAK,KOCSI,SZEK_SZAM) values (179,3,1,1,4,47);
Insert into TRAINDB.SZEK (ID,TIPUS,ASZTAL,ABLAK,KOCSI,SZEK_SZAM) values (180,1,0,1,4,48);
Insert into TRAINDB.SZEK (ID,TIPUS,ASZTAL,ABLAK,KOCSI,SZEK_SZAM) values (181,3,0,1,4,49);
Insert into TRAINDB.SZEK (ID,TIPUS,ASZTAL,ABLAK,KOCSI,SZEK_SZAM) values (182,3,1,0,4,50);
Insert into TRAINDB.SZEK (ID,TIPUS,ASZTAL,ABLAK,KOCSI,SZEK_SZAM) values (183,3,0,0,4,51);
Insert into TRAINDB.SZEK (ID,TIPUS,ASZTAL,ABLAK,KOCSI,SZEK_SZAM) values (184,2,1,1,4,52);
Insert into TRAINDB.SZEK (ID,TIPUS,ASZTAL,ABLAK,KOCSI,SZEK_SZAM) values (185,1,0,0,5,1);
Insert into TRAINDB.SZEK (ID,TIPUS,ASZTAL,ABLAK,KOCSI,SZEK_SZAM) values (186,1,0,1,5,2);
Insert into TRAINDB.SZEK (ID,TIPUS,ASZTAL,ABLAK,KOCSI,SZEK_SZAM) values (187,3,1,0,5,3);
Insert into TRAINDB.SZEK (ID,TIPUS,ASZTAL,ABLAK,KOCSI,SZEK_SZAM) values (188,3,0,0,5,4);
Insert into TRAINDB.SZEK (ID,TIPUS,ASZTAL,ABLAK,KOCSI,SZEK_SZAM) values (189,3,0,0,5,5);
Insert into TRAINDB.SZEK (ID,TIPUS,ASZTAL,ABLAK,KOCSI,SZEK_SZAM) values (190,3,0,0,5,6);
Insert into TRAINDB.SZEK (ID,TIPUS,ASZTAL,ABLAK,KOCSI,SZEK_SZAM) values (191,3,1,0,5,7);
Insert into TRAINDB.SZEK (ID,TIPUS,ASZTAL,ABLAK,KOCSI,SZEK_SZAM) values (192,3,0,1,5,8);
Insert into TRAINDB.SZEK (ID,TIPUS,ASZTAL,ABLAK,KOCSI,SZEK_SZAM) values (193,3,0,1,5,9);
Insert into TRAINDB.SZEK (ID,TIPUS,ASZTAL,ABLAK,KOCSI,SZEK_SZAM) values (194,3,0,1,5,10);
Insert into TRAINDB.SZEK (ID,TIPUS,ASZTAL,ABLAK,KOCSI,SZEK_SZAM) values (195,1,0,1,5,11);
Insert into TRAINDB.SZEK (ID,TIPUS,ASZTAL,ABLAK,KOCSI,SZEK_SZAM) values (196,1,0,1,5,12);
Insert into TRAINDB.SZEK (ID,TIPUS,ASZTAL,ABLAK,KOCSI,SZEK_SZAM) values (197,3,0,0,5,13);
Insert into TRAINDB.SZEK (ID,TIPUS,ASZTAL,ABLAK,KOCSI,SZEK_SZAM) values (198,1,0,0,5,14);
Insert into TRAINDB.SZEK (ID,TIPUS,ASZTAL,ABLAK,KOCSI,SZEK_SZAM) values (199,3,0,0,5,15);
Insert into TRAINDB.SZEK (ID,TIPUS,ASZTAL,ABLAK,KOCSI,SZEK_SZAM) values (200,1,0,1,5,16);
Insert into TRAINDB.SZEK (ID,TIPUS,ASZTAL,ABLAK,KOCSI,SZEK_SZAM) values (201,3,0,0,5,17);
Insert into TRAINDB.SZEK (ID,TIPUS,ASZTAL,ABLAK,KOCSI,SZEK_SZAM) values (202,1,1,0,5,18);
Insert into TRAINDB.SZEK (ID,TIPUS,ASZTAL,ABLAK,KOCSI,SZEK_SZAM) values (203,1,1,1,5,19);
Insert into TRAINDB.SZEK (ID,TIPUS,ASZTAL,ABLAK,KOCSI,SZEK_SZAM) values (204,1,0,0,5,20);
Insert into TRAINDB.SZEK (ID,TIPUS,ASZTAL,ABLAK,KOCSI,SZEK_SZAM) values (205,3,0,0,5,21);
Insert into TRAINDB.SZEK (ID,TIPUS,ASZTAL,ABLAK,KOCSI,SZEK_SZAM) values (206,3,0,0,5,22);
Insert into TRAINDB.SZEK (ID,TIPUS,ASZTAL,ABLAK,KOCSI,SZEK_SZAM) values (207,1,0,1,5,23);
Insert into TRAINDB.SZEK (ID,TIPUS,ASZTAL,ABLAK,KOCSI,SZEK_SZAM) values (208,3,0,1,5,24);
Insert into TRAINDB.SZEK (ID,TIPUS,ASZTAL,ABLAK,KOCSI,SZEK_SZAM) values (209,1,0,1,5,25);
Insert into TRAINDB.SZEK (ID,TIPUS,ASZTAL,ABLAK,KOCSI,SZEK_SZAM) values (210,3,1,1,5,26);
Insert into TRAINDB.SZEK (ID,TIPUS,ASZTAL,ABLAK,KOCSI,SZEK_SZAM) values (211,3,0,0,5,27);
Insert into TRAINDB.SZEK (ID,TIPUS,ASZTAL,ABLAK,KOCSI,SZEK_SZAM) values (212,1,0,0,5,28);
Insert into TRAINDB.SZEK (ID,TIPUS,ASZTAL,ABLAK,KOCSI,SZEK_SZAM) values (213,3,0,0,5,29);
Insert into TRAINDB.SZEK (ID,TIPUS,ASZTAL,ABLAK,KOCSI,SZEK_SZAM) values (214,3,0,1,5,30);
Insert into TRAINDB.SZEK (ID,TIPUS,ASZTAL,ABLAK,KOCSI,SZEK_SZAM) values (215,3,0,0,5,31);
Insert into TRAINDB.SZEK (ID,TIPUS,ASZTAL,ABLAK,KOCSI,SZEK_SZAM) values (216,3,0,0,5,32);
Insert into TRAINDB.SZEK (ID,TIPUS,ASZTAL,ABLAK,KOCSI,SZEK_SZAM) values (217,3,1,1,5,33);
Insert into TRAINDB.SZEK (ID,TIPUS,ASZTAL,ABLAK,KOCSI,SZEK_SZAM) values (218,3,0,0,5,34);
Insert into TRAINDB.SZEK (ID,TIPUS,ASZTAL,ABLAK,KOCSI,SZEK_SZAM) values (219,3,0,1,5,35);
Insert into TRAINDB.SZEK (ID,TIPUS,ASZTAL,ABLAK,KOCSI,SZEK_SZAM) values (220,3,0,0,5,36);
Insert into TRAINDB.SZEK (ID,TIPUS,ASZTAL,ABLAK,KOCSI,SZEK_SZAM) values (221,3,1,0,5,37);
Insert into TRAINDB.SZEK (ID,TIPUS,ASZTAL,ABLAK,KOCSI,SZEK_SZAM) values (222,3,0,1,5,38);
Insert into TRAINDB.SZEK (ID,TIPUS,ASZTAL,ABLAK,KOCSI,SZEK_SZAM) values (223,2,0,1,5,39);
Insert into TRAINDB.SZEK (ID,TIPUS,ASZTAL,ABLAK,KOCSI,SZEK_SZAM) values (224,3,0,1,5,40);
Insert into TRAINDB.SZEK (ID,TIPUS,ASZTAL,ABLAK,KOCSI,SZEK_SZAM) values (225,3,0,0,5,41);
Insert into TRAINDB.SZEK (ID,TIPUS,ASZTAL,ABLAK,KOCSI,SZEK_SZAM) values (226,1,1,0,5,42);
Insert into TRAINDB.SZEK (ID,TIPUS,ASZTAL,ABLAK,KOCSI,SZEK_SZAM) values (227,3,0,1,5,43);
Insert into TRAINDB.SZEK (ID,TIPUS,ASZTAL,ABLAK,KOCSI,SZEK_SZAM) values (228,1,1,1,5,44);
Insert into TRAINDB.SZEK (ID,TIPUS,ASZTAL,ABLAK,KOCSI,SZEK_SZAM) values (229,1,0,0,5,45);
Insert into TRAINDB.SZEK (ID,TIPUS,ASZTAL,ABLAK,KOCSI,SZEK_SZAM) values (230,2,0,0,5,46);
Insert into TRAINDB.SZEK (ID,TIPUS,ASZTAL,ABLAK,KOCSI,SZEK_SZAM) values (231,3,1,1,5,47);
Insert into TRAINDB.SZEK (ID,TIPUS,ASZTAL,ABLAK,KOCSI,SZEK_SZAM) values (232,3,1,0,5,48);
Insert into TRAINDB.SZEK (ID,TIPUS,ASZTAL,ABLAK,KOCSI,SZEK_SZAM) values (233,3,1,1,5,49);
Insert into TRAINDB.SZEK (ID,TIPUS,ASZTAL,ABLAK,KOCSI,SZEK_SZAM) values (234,3,0,0,5,50);
Insert into TRAINDB.SZEK (ID,TIPUS,ASZTAL,ABLAK,KOCSI,SZEK_SZAM) values (235,1,0,1,5,51);
Insert into TRAINDB.SZEK (ID,TIPUS,ASZTAL,ABLAK,KOCSI,SZEK_SZAM) values (236,3,0,0,5,52);
Insert into TRAINDB.SZEK (ID,TIPUS,ASZTAL,ABLAK,KOCSI,SZEK_SZAM) values (237,3,0,1,6,1);
Insert into TRAINDB.SZEK (ID,TIPUS,ASZTAL,ABLAK,KOCSI,SZEK_SZAM) values (238,1,1,1,6,2);
Insert into TRAINDB.SZEK (ID,TIPUS,ASZTAL,ABLAK,KOCSI,SZEK_SZAM) values (239,3,0,0,6,3);
Insert into TRAINDB.SZEK (ID,TIPUS,ASZTAL,ABLAK,KOCSI,SZEK_SZAM) values (240,3,1,1,6,4);
Insert into TRAINDB.SZEK (ID,TIPUS,ASZTAL,ABLAK,KOCSI,SZEK_SZAM) values (241,3,0,0,6,5);
Insert into TRAINDB.SZEK (ID,TIPUS,ASZTAL,ABLAK,KOCSI,SZEK_SZAM) values (242,3,0,1,6,6);
Insert into TRAINDB.SZEK (ID,TIPUS,ASZTAL,ABLAK,KOCSI,SZEK_SZAM) values (243,1,0,0,6,7);
Insert into TRAINDB.SZEK (ID,TIPUS,ASZTAL,ABLAK,KOCSI,SZEK_SZAM) values (244,3,0,1,6,8);
Insert into TRAINDB.SZEK (ID,TIPUS,ASZTAL,ABLAK,KOCSI,SZEK_SZAM) values (245,3,0,0,6,9);
Insert into TRAINDB.SZEK (ID,TIPUS,ASZTAL,ABLAK,KOCSI,SZEK_SZAM) values (246,3,1,1,6,10);
Insert into TRAINDB.SZEK (ID,TIPUS,ASZTAL,ABLAK,KOCSI,SZEK_SZAM) values (247,3,0,0,6,11);
Insert into TRAINDB.SZEK (ID,TIPUS,ASZTAL,ABLAK,KOCSI,SZEK_SZAM) values (248,3,1,0,6,12);
Insert into TRAINDB.SZEK (ID,TIPUS,ASZTAL,ABLAK,KOCSI,SZEK_SZAM) values (249,3,0,0,6,13);
Insert into TRAINDB.SZEK (ID,TIPUS,ASZTAL,ABLAK,KOCSI,SZEK_SZAM) values (250,3,0,1,6,14);
Insert into TRAINDB.SZEK (ID,TIPUS,ASZTAL,ABLAK,KOCSI,SZEK_SZAM) values (251,3,0,1,6,15);
Insert into TRAINDB.SZEK (ID,TIPUS,ASZTAL,ABLAK,KOCSI,SZEK_SZAM) values (252,3,0,0,6,16);
Insert into TRAINDB.SZEK (ID,TIPUS,ASZTAL,ABLAK,KOCSI,SZEK_SZAM) values (253,1,1,0,6,17);
Insert into TRAINDB.SZEK (ID,TIPUS,ASZTAL,ABLAK,KOCSI,SZEK_SZAM) values (254,1,0,1,6,18);
Insert into TRAINDB.SZEK (ID,TIPUS,ASZTAL,ABLAK,KOCSI,SZEK_SZAM) values (255,3,1,0,6,19);
Insert into TRAINDB.SZEK (ID,TIPUS,ASZTAL,ABLAK,KOCSI,SZEK_SZAM) values (256,3,0,0,6,20);
Insert into TRAINDB.SZEK (ID,TIPUS,ASZTAL,ABLAK,KOCSI,SZEK_SZAM) values (257,1,1,0,7,1);
Insert into TRAINDB.SZEK (ID,TIPUS,ASZTAL,ABLAK,KOCSI,SZEK_SZAM) values (258,3,0,1,7,2);
Insert into TRAINDB.SZEK (ID,TIPUS,ASZTAL,ABLAK,KOCSI,SZEK_SZAM) values (259,3,1,0,7,3);
Insert into TRAINDB.SZEK (ID,TIPUS,ASZTAL,ABLAK,KOCSI,SZEK_SZAM) values (260,2,0,1,7,4);
Insert into TRAINDB.SZEK (ID,TIPUS,ASZTAL,ABLAK,KOCSI,SZEK_SZAM) values (261,3,0,1,7,5);
Insert into TRAINDB.SZEK (ID,TIPUS,ASZTAL,ABLAK,KOCSI,SZEK_SZAM) values (262,3,1,1,7,6);
Insert into TRAINDB.SZEK (ID,TIPUS,ASZTAL,ABLAK,KOCSI,SZEK_SZAM) values (263,3,0,0,7,7);
Insert into TRAINDB.SZEK (ID,TIPUS,ASZTAL,ABLAK,KOCSI,SZEK_SZAM) values (264,3,1,1,7,8);
Insert into TRAINDB.SZEK (ID,TIPUS,ASZTAL,ABLAK,KOCSI,SZEK_SZAM) values (265,3,1,0,7,9);
Insert into TRAINDB.SZEK (ID,TIPUS,ASZTAL,ABLAK,KOCSI,SZEK_SZAM) values (266,3,0,0,7,10);
Insert into TRAINDB.SZEK (ID,TIPUS,ASZTAL,ABLAK,KOCSI,SZEK_SZAM) values (267,3,1,0,7,11);
Insert into TRAINDB.SZEK (ID,TIPUS,ASZTAL,ABLAK,KOCSI,SZEK_SZAM) values (268,3,0,0,7,12);
Insert into TRAINDB.SZEK (ID,TIPUS,ASZTAL,ABLAK,KOCSI,SZEK_SZAM) values (269,3,0,0,7,13);
Insert into TRAINDB.SZEK (ID,TIPUS,ASZTAL,ABLAK,KOCSI,SZEK_SZAM) values (270,3,0,0,7,14);
Insert into TRAINDB.SZEK (ID,TIPUS,ASZTAL,ABLAK,KOCSI,SZEK_SZAM) values (271,1,1,0,7,15);
Insert into TRAINDB.SZEK (ID,TIPUS,ASZTAL,ABLAK,KOCSI,SZEK_SZAM) values (272,3,0,1,7,16);
Insert into TRAINDB.SZEK (ID,TIPUS,ASZTAL,ABLAK,KOCSI,SZEK_SZAM) values (273,3,0,0,7,17);
Insert into TRAINDB.SZEK (ID,TIPUS,ASZTAL,ABLAK,KOCSI,SZEK_SZAM) values (274,3,0,0,7,18);
Insert into TRAINDB.SZEK (ID,TIPUS,ASZTAL,ABLAK,KOCSI,SZEK_SZAM) values (275,3,0,0,7,19);
Insert into TRAINDB.SZEK (ID,TIPUS,ASZTAL,ABLAK,KOCSI,SZEK_SZAM) values (276,3,1,0,7,20);
Insert into TRAINDB.SZEK (ID,TIPUS,ASZTAL,ABLAK,KOCSI,SZEK_SZAM) values (277,3,1,1,7,21);
Insert into TRAINDB.SZEK (ID,TIPUS,ASZTAL,ABLAK,KOCSI,SZEK_SZAM) values (278,3,1,0,7,22);
Insert into TRAINDB.SZEK (ID,TIPUS,ASZTAL,ABLAK,KOCSI,SZEK_SZAM) values (279,3,1,0,7,23);
Insert into TRAINDB.SZEK (ID,TIPUS,ASZTAL,ABLAK,KOCSI,SZEK_SZAM) values (280,1,1,1,7,24);
Insert into TRAINDB.SZEK (ID,TIPUS,ASZTAL,ABLAK,KOCSI,SZEK_SZAM) values (281,1,0,0,7,25);
Insert into TRAINDB.SZEK (ID,TIPUS,ASZTAL,ABLAK,KOCSI,SZEK_SZAM) values (282,1,0,0,7,26);
Insert into TRAINDB.SZEK (ID,TIPUS,ASZTAL,ABLAK,KOCSI,SZEK_SZAM) values (283,3,0,1,7,27);
Insert into TRAINDB.SZEK (ID,TIPUS,ASZTAL,ABLAK,KOCSI,SZEK_SZAM) values (284,3,1,1,7,28);
Insert into TRAINDB.SZEK (ID,TIPUS,ASZTAL,ABLAK,KOCSI,SZEK_SZAM) values (285,3,0,0,7,29);
Insert into TRAINDB.SZEK (ID,TIPUS,ASZTAL,ABLAK,KOCSI,SZEK_SZAM) values (286,3,1,0,7,30);
Insert into TRAINDB.SZEK (ID,TIPUS,ASZTAL,ABLAK,KOCSI,SZEK_SZAM) values (287,3,0,0,7,31);
Insert into TRAINDB.SZEK (ID,TIPUS,ASZTAL,ABLAK,KOCSI,SZEK_SZAM) values (288,1,0,0,7,32);
Insert into TRAINDB.SZEK (ID,TIPUS,ASZTAL,ABLAK,KOCSI,SZEK_SZAM) values (289,3,0,1,7,33);
Insert into TRAINDB.SZEK (ID,TIPUS,ASZTAL,ABLAK,KOCSI,SZEK_SZAM) values (290,3,0,0,7,34);
Insert into TRAINDB.SZEK (ID,TIPUS,ASZTAL,ABLAK,KOCSI,SZEK_SZAM) values (291,3,0,0,7,35);
Insert into TRAINDB.SZEK (ID,TIPUS,ASZTAL,ABLAK,KOCSI,SZEK_SZAM) values (292,3,0,0,7,36);
Insert into TRAINDB.SZEK (ID,TIPUS,ASZTAL,ABLAK,KOCSI,SZEK_SZAM) values (293,1,0,0,7,37);
Insert into TRAINDB.SZEK (ID,TIPUS,ASZTAL,ABLAK,KOCSI,SZEK_SZAM) values (294,3,0,0,7,38);
Insert into TRAINDB.SZEK (ID,TIPUS,ASZTAL,ABLAK,KOCSI,SZEK_SZAM) values (295,3,0,1,7,39);
Insert into TRAINDB.SZEK (ID,TIPUS,ASZTAL,ABLAK,KOCSI,SZEK_SZAM) values (296,1,0,0,7,40);
Insert into TRAINDB.SZEK (ID,TIPUS,ASZTAL,ABLAK,KOCSI,SZEK_SZAM) values (297,3,0,0,7,41);
Insert into TRAINDB.SZEK (ID,TIPUS,ASZTAL,ABLAK,KOCSI,SZEK_SZAM) values (298,3,0,1,7,42);
Insert into TRAINDB.SZEK (ID,TIPUS,ASZTAL,ABLAK,KOCSI,SZEK_SZAM) values (299,1,1,0,7,43);
Insert into TRAINDB.SZEK (ID,TIPUS,ASZTAL,ABLAK,KOCSI,SZEK_SZAM) values (300,3,0,0,7,44);
Insert into TRAINDB.SZEK (ID,TIPUS,ASZTAL,ABLAK,KOCSI,SZEK_SZAM) values (301,3,1,0,7,45);
Insert into TRAINDB.SZEK (ID,TIPUS,ASZTAL,ABLAK,KOCSI,SZEK_SZAM) values (302,3,0,0,7,46);
Insert into TRAINDB.SZEK (ID,TIPUS,ASZTAL,ABLAK,KOCSI,SZEK_SZAM) values (303,3,0,1,7,47);
Insert into TRAINDB.SZEK (ID,TIPUS,ASZTAL,ABLAK,KOCSI,SZEK_SZAM) values (304,3,0,0,7,48);
Insert into TRAINDB.SZEK (ID,TIPUS,ASZTAL,ABLAK,KOCSI,SZEK_SZAM) values (305,1,0,0,7,49);
Insert into TRAINDB.SZEK (ID,TIPUS,ASZTAL,ABLAK,KOCSI,SZEK_SZAM) values (306,1,0,1,7,50);
Insert into TRAINDB.SZEK (ID,TIPUS,ASZTAL,ABLAK,KOCSI,SZEK_SZAM) values (307,3,0,1,7,51);
Insert into TRAINDB.SZEK (ID,TIPUS,ASZTAL,ABLAK,KOCSI,SZEK_SZAM) values (308,3,0,1,7,52);
Insert into TRAINDB.SZEK (ID,TIPUS,ASZTAL,ABLAK,KOCSI,SZEK_SZAM) values (309,1,0,1,7,53);
Insert into TRAINDB.SZEK (ID,TIPUS,ASZTAL,ABLAK,KOCSI,SZEK_SZAM) values (310,1,0,0,7,54);
Insert into TRAINDB.SZEK (ID,TIPUS,ASZTAL,ABLAK,KOCSI,SZEK_SZAM) values (311,1,0,0,7,55);
Insert into TRAINDB.SZEK (ID,TIPUS,ASZTAL,ABLAK,KOCSI,SZEK_SZAM) values (312,3,0,1,7,56);
Insert into TRAINDB.SZEK (ID,TIPUS,ASZTAL,ABLAK,KOCSI,SZEK_SZAM) values (313,1,1,0,7,57);
Insert into TRAINDB.SZEK (ID,TIPUS,ASZTAL,ABLAK,KOCSI,SZEK_SZAM) values (314,3,0,0,7,58);
Insert into TRAINDB.SZEK (ID,TIPUS,ASZTAL,ABLAK,KOCSI,SZEK_SZAM) values (315,3,1,0,7,59);
Insert into TRAINDB.SZEK (ID,TIPUS,ASZTAL,ABLAK,KOCSI,SZEK_SZAM) values (316,3,0,0,7,60);
Insert into TRAINDB.SZEK (ID,TIPUS,ASZTAL,ABLAK,KOCSI,SZEK_SZAM) values (317,1,0,0,8,1);
Insert into TRAINDB.SZEK (ID,TIPUS,ASZTAL,ABLAK,KOCSI,SZEK_SZAM) values (318,1,0,0,8,2);
Insert into TRAINDB.SZEK (ID,TIPUS,ASZTAL,ABLAK,KOCSI,SZEK_SZAM) values (319,2,0,0,8,3);
Insert into TRAINDB.SZEK (ID,TIPUS,ASZTAL,ABLAK,KOCSI,SZEK_SZAM) values (320,3,1,1,8,4);
Insert into TRAINDB.SZEK (ID,TIPUS,ASZTAL,ABLAK,KOCSI,SZEK_SZAM) values (321,3,0,0,8,5);
Insert into TRAINDB.SZEK (ID,TIPUS,ASZTAL,ABLAK,KOCSI,SZEK_SZAM) values (322,3,0,0,8,6);
Insert into TRAINDB.SZEK (ID,TIPUS,ASZTAL,ABLAK,KOCSI,SZEK_SZAM) values (323,3,0,0,8,7);
Insert into TRAINDB.SZEK (ID,TIPUS,ASZTAL,ABLAK,KOCSI,SZEK_SZAM) values (324,3,0,1,8,8);
Insert into TRAINDB.SZEK (ID,TIPUS,ASZTAL,ABLAK,KOCSI,SZEK_SZAM) values (325,3,1,1,8,9);
Insert into TRAINDB.SZEK (ID,TIPUS,ASZTAL,ABLAK,KOCSI,SZEK_SZAM) values (326,1,1,0,8,10);
Insert into TRAINDB.SZEK (ID,TIPUS,ASZTAL,ABLAK,KOCSI,SZEK_SZAM) values (327,3,0,1,8,11);
Insert into TRAINDB.SZEK (ID,TIPUS,ASZTAL,ABLAK,KOCSI,SZEK_SZAM) values (328,3,1,1,8,12);
Insert into TRAINDB.SZEK (ID,TIPUS,ASZTAL,ABLAK,KOCSI,SZEK_SZAM) values (329,3,1,1,8,13);
Insert into TRAINDB.SZEK (ID,TIPUS,ASZTAL,ABLAK,KOCSI,SZEK_SZAM) values (330,3,0,0,8,14);
Insert into TRAINDB.SZEK (ID,TIPUS,ASZTAL,ABLAK,KOCSI,SZEK_SZAM) values (331,3,0,0,8,15);
Insert into TRAINDB.SZEK (ID,TIPUS,ASZTAL,ABLAK,KOCSI,SZEK_SZAM) values (332,1,0,0,8,16);
Insert into TRAINDB.SZEK (ID,TIPUS,ASZTAL,ABLAK,KOCSI,SZEK_SZAM) values (333,3,1,0,8,17);
Insert into TRAINDB.SZEK (ID,TIPUS,ASZTAL,ABLAK,KOCSI,SZEK_SZAM) values (334,1,0,0,8,18);
Insert into TRAINDB.SZEK (ID,TIPUS,ASZTAL,ABLAK,KOCSI,SZEK_SZAM) values (335,1,0,0,8,19);
Insert into TRAINDB.SZEK (ID,TIPUS,ASZTAL,ABLAK,KOCSI,SZEK_SZAM) values (336,3,0,0,8,20);
Insert into TRAINDB.SZEK (ID,TIPUS,ASZTAL,ABLAK,KOCSI,SZEK_SZAM) values (337,1,0,0,8,21);
Insert into TRAINDB.SZEK (ID,TIPUS,ASZTAL,ABLAK,KOCSI,SZEK_SZAM) values (338,3,1,0,8,22);
Insert into TRAINDB.SZEK (ID,TIPUS,ASZTAL,ABLAK,KOCSI,SZEK_SZAM) values (339,3,1,1,8,23);
Insert into TRAINDB.SZEK (ID,TIPUS,ASZTAL,ABLAK,KOCSI,SZEK_SZAM) values (340,3,0,1,8,24);
Insert into TRAINDB.SZEK (ID,TIPUS,ASZTAL,ABLAK,KOCSI,SZEK_SZAM) values (341,1,0,0,8,25);
Insert into TRAINDB.SZEK (ID,TIPUS,ASZTAL,ABLAK,KOCSI,SZEK_SZAM) values (342,3,0,1,8,26);
Insert into TRAINDB.SZEK (ID,TIPUS,ASZTAL,ABLAK,KOCSI,SZEK_SZAM) values (343,2,0,1,8,27);
Insert into TRAINDB.SZEK (ID,TIPUS,ASZTAL,ABLAK,KOCSI,SZEK_SZAM) values (344,1,0,1,8,28);
Insert into TRAINDB.SZEK (ID,TIPUS,ASZTAL,ABLAK,KOCSI,SZEK_SZAM) values (345,3,0,0,8,29);
Insert into TRAINDB.SZEK (ID,TIPUS,ASZTAL,ABLAK,KOCSI,SZEK_SZAM) values (346,1,0,1,8,30);
Insert into TRAINDB.SZEK (ID,TIPUS,ASZTAL,ABLAK,KOCSI,SZEK_SZAM) values (347,3,0,1,8,31);
Insert into TRAINDB.SZEK (ID,TIPUS,ASZTAL,ABLAK,KOCSI,SZEK_SZAM) values (348,3,0,1,8,32);
Insert into TRAINDB.SZEK (ID,TIPUS,ASZTAL,ABLAK,KOCSI,SZEK_SZAM) values (349,3,0,1,8,33);
Insert into TRAINDB.SZEK (ID,TIPUS,ASZTAL,ABLAK,KOCSI,SZEK_SZAM) values (350,3,0,1,8,34);
Insert into TRAINDB.SZEK (ID,TIPUS,ASZTAL,ABLAK,KOCSI,SZEK_SZAM) values (351,3,0,0,8,35);
Insert into TRAINDB.SZEK (ID,TIPUS,ASZTAL,ABLAK,KOCSI,SZEK_SZAM) values (352,3,0,0,8,36);
Insert into TRAINDB.SZEK (ID,TIPUS,ASZTAL,ABLAK,KOCSI,SZEK_SZAM) values (353,3,0,1,8,37);
Insert into TRAINDB.SZEK (ID,TIPUS,ASZTAL,ABLAK,KOCSI,SZEK_SZAM) values (354,1,1,1,8,38);
Insert into TRAINDB.SZEK (ID,TIPUS,ASZTAL,ABLAK,KOCSI,SZEK_SZAM) values (355,3,0,1,8,39);
Insert into TRAINDB.SZEK (ID,TIPUS,ASZTAL,ABLAK,KOCSI,SZEK_SZAM) values (356,3,0,1,8,40);
Insert into TRAINDB.SZEK (ID,TIPUS,ASZTAL,ABLAK,KOCSI,SZEK_SZAM) values (357,1,0,0,8,41);
Insert into TRAINDB.SZEK (ID,TIPUS,ASZTAL,ABLAK,KOCSI,SZEK_SZAM) values (358,3,0,0,8,42);
Insert into TRAINDB.SZEK (ID,TIPUS,ASZTAL,ABLAK,KOCSI,SZEK_SZAM) values (359,1,1,0,8,43);
Insert into TRAINDB.SZEK (ID,TIPUS,ASZTAL,ABLAK,KOCSI,SZEK_SZAM) values (360,3,1,1,8,44);
Insert into TRAINDB.SZEK (ID,TIPUS,ASZTAL,ABLAK,KOCSI,SZEK_SZAM) values (361,3,1,1,8,45);
Insert into TRAINDB.SZEK (ID,TIPUS,ASZTAL,ABLAK,KOCSI,SZEK_SZAM) values (362,3,0,1,8,46);
Insert into TRAINDB.SZEK (ID,TIPUS,ASZTAL,ABLAK,KOCSI,SZEK_SZAM) values (363,3,1,1,8,47);
Insert into TRAINDB.SZEK (ID,TIPUS,ASZTAL,ABLAK,KOCSI,SZEK_SZAM) values (364,1,0,1,8,48);
Insert into TRAINDB.SZEK (ID,TIPUS,ASZTAL,ABLAK,KOCSI,SZEK_SZAM) values (365,1,0,1,8,49);
Insert into TRAINDB.SZEK (ID,TIPUS,ASZTAL,ABLAK,KOCSI,SZEK_SZAM) values (366,3,0,0,8,50);
Insert into TRAINDB.SZEK (ID,TIPUS,ASZTAL,ABLAK,KOCSI,SZEK_SZAM) values (367,3,1,0,8,51);
Insert into TRAINDB.SZEK (ID,TIPUS,ASZTAL,ABLAK,KOCSI,SZEK_SZAM) values (368,2,0,0,8,52);
Insert into TRAINDB.SZEK (ID,TIPUS,ASZTAL,ABLAK,KOCSI,SZEK_SZAM) values (369,1,0,1,8,53);
Insert into TRAINDB.SZEK (ID,TIPUS,ASZTAL,ABLAK,KOCSI,SZEK_SZAM) values (370,3,0,1,8,54);
Insert into TRAINDB.SZEK (ID,TIPUS,ASZTAL,ABLAK,KOCSI,SZEK_SZAM) values (371,3,0,0,8,55);
Insert into TRAINDB.SZEK (ID,TIPUS,ASZTAL,ABLAK,KOCSI,SZEK_SZAM) values (372,3,1,1,8,56);
Insert into TRAINDB.SZEK (ID,TIPUS,ASZTAL,ABLAK,KOCSI,SZEK_SZAM) values (373,3,1,1,8,57);
Insert into TRAINDB.SZEK (ID,TIPUS,ASZTAL,ABLAK,KOCSI,SZEK_SZAM) values (374,3,1,0,8,58);
Insert into TRAINDB.SZEK (ID,TIPUS,ASZTAL,ABLAK,KOCSI,SZEK_SZAM) values (375,3,0,0,8,59);
Insert into TRAINDB.SZEK (ID,TIPUS,ASZTAL,ABLAK,KOCSI,SZEK_SZAM) values (376,3,0,1,8,60);
Insert into TRAINDB.SZEK (ID,TIPUS,ASZTAL,ABLAK,KOCSI,SZEK_SZAM) values (377,1,0,1,9,1);
Insert into TRAINDB.SZEK (ID,TIPUS,ASZTAL,ABLAK,KOCSI,SZEK_SZAM) values (378,3,1,0,9,2);
Insert into TRAINDB.SZEK (ID,TIPUS,ASZTAL,ABLAK,KOCSI,SZEK_SZAM) values (379,3,0,1,9,3);
Insert into TRAINDB.SZEK (ID,TIPUS,ASZTAL,ABLAK,KOCSI,SZEK_SZAM) values (380,1,0,0,9,4);
Insert into TRAINDB.SZEK (ID,TIPUS,ASZTAL,ABLAK,KOCSI,SZEK_SZAM) values (381,3,0,1,9,5);
Insert into TRAINDB.SZEK (ID,TIPUS,ASZTAL,ABLAK,KOCSI,SZEK_SZAM) values (382,2,0,1,9,6);
Insert into TRAINDB.SZEK (ID,TIPUS,ASZTAL,ABLAK,KOCSI,SZEK_SZAM) values (383,3,0,1,9,7);
Insert into TRAINDB.SZEK (ID,TIPUS,ASZTAL,ABLAK,KOCSI,SZEK_SZAM) values (384,3,0,1,9,8);
Insert into TRAINDB.SZEK (ID,TIPUS,ASZTAL,ABLAK,KOCSI,SZEK_SZAM) values (385,3,0,0,9,9);
Insert into TRAINDB.SZEK (ID,TIPUS,ASZTAL,ABLAK,KOCSI,SZEK_SZAM) values (386,3,0,1,9,10);
Insert into TRAINDB.SZEK (ID,TIPUS,ASZTAL,ABLAK,KOCSI,SZEK_SZAM) values (387,3,0,1,9,11);
Insert into TRAINDB.SZEK (ID,TIPUS,ASZTAL,ABLAK,KOCSI,SZEK_SZAM) values (388,3,0,0,9,12);
Insert into TRAINDB.SZEK (ID,TIPUS,ASZTAL,ABLAK,KOCSI,SZEK_SZAM) values (389,3,1,1,9,13);
Insert into TRAINDB.SZEK (ID,TIPUS,ASZTAL,ABLAK,KOCSI,SZEK_SZAM) values (390,3,0,0,9,14);
Insert into TRAINDB.SZEK (ID,TIPUS,ASZTAL,ABLAK,KOCSI,SZEK_SZAM) values (391,1,0,0,9,15);
Insert into TRAINDB.SZEK (ID,TIPUS,ASZTAL,ABLAK,KOCSI,SZEK_SZAM) values (392,1,1,0,9,16);
Insert into TRAINDB.SZEK (ID,TIPUS,ASZTAL,ABLAK,KOCSI,SZEK_SZAM) values (393,3,0,1,9,17);
Insert into TRAINDB.SZEK (ID,TIPUS,ASZTAL,ABLAK,KOCSI,SZEK_SZAM) values (394,3,0,1,9,18);
Insert into TRAINDB.SZEK (ID,TIPUS,ASZTAL,ABLAK,KOCSI,SZEK_SZAM) values (395,3,0,1,9,19);
Insert into TRAINDB.SZEK (ID,TIPUS,ASZTAL,ABLAK,KOCSI,SZEK_SZAM) values (396,3,1,0,9,20);
Insert into TRAINDB.SZEK (ID,TIPUS,ASZTAL,ABLAK,KOCSI,SZEK_SZAM) values (397,3,0,0,9,21);
Insert into TRAINDB.SZEK (ID,TIPUS,ASZTAL,ABLAK,KOCSI,SZEK_SZAM) values (398,3,0,0,9,22);
Insert into TRAINDB.SZEK (ID,TIPUS,ASZTAL,ABLAK,KOCSI,SZEK_SZAM) values (399,3,0,0,9,23);
Insert into TRAINDB.SZEK (ID,TIPUS,ASZTAL,ABLAK,KOCSI,SZEK_SZAM) values (400,3,1,0,9,24);
Insert into TRAINDB.SZEK (ID,TIPUS,ASZTAL,ABLAK,KOCSI,SZEK_SZAM) values (401,3,0,1,9,25);
Insert into TRAINDB.SZEK (ID,TIPUS,ASZTAL,ABLAK,KOCSI,SZEK_SZAM) values (402,3,0,1,9,26);
Insert into TRAINDB.SZEK (ID,TIPUS,ASZTAL,ABLAK,KOCSI,SZEK_SZAM) values (403,3,1,0,9,27);
Insert into TRAINDB.SZEK (ID,TIPUS,ASZTAL,ABLAK,KOCSI,SZEK_SZAM) values (404,3,0,1,9,28);
Insert into TRAINDB.SZEK (ID,TIPUS,ASZTAL,ABLAK,KOCSI,SZEK_SZAM) values (405,3,0,1,9,29);
Insert into TRAINDB.SZEK (ID,TIPUS,ASZTAL,ABLAK,KOCSI,SZEK_SZAM) values (406,3,0,0,9,30);
Insert into TRAINDB.SZEK (ID,TIPUS,ASZTAL,ABLAK,KOCSI,SZEK_SZAM) values (407,3,1,0,9,31);
Insert into TRAINDB.SZEK (ID,TIPUS,ASZTAL,ABLAK,KOCSI,SZEK_SZAM) values (408,3,0,1,9,32);
Insert into TRAINDB.SZEK (ID,TIPUS,ASZTAL,ABLAK,KOCSI,SZEK_SZAM) values (409,3,0,0,9,33);
Insert into TRAINDB.SZEK (ID,TIPUS,ASZTAL,ABLAK,KOCSI,SZEK_SZAM) values (410,3,0,1,9,34);
Insert into TRAINDB.SZEK (ID,TIPUS,ASZTAL,ABLAK,KOCSI,SZEK_SZAM) values (411,3,0,1,9,35);
Insert into TRAINDB.SZEK (ID,TIPUS,ASZTAL,ABLAK,KOCSI,SZEK_SZAM) values (412,3,0,1,9,36);
Insert into TRAINDB.SZEK (ID,TIPUS,ASZTAL,ABLAK,KOCSI,SZEK_SZAM) values (413,1,0,1,9,37);
Insert into TRAINDB.SZEK (ID,TIPUS,ASZTAL,ABLAK,KOCSI,SZEK_SZAM) values (414,3,0,1,9,38);
Insert into TRAINDB.SZEK (ID,TIPUS,ASZTAL,ABLAK,KOCSI,SZEK_SZAM) values (415,3,0,0,9,39);
Insert into TRAINDB.SZEK (ID,TIPUS,ASZTAL,ABLAK,KOCSI,SZEK_SZAM) values (416,1,0,1,9,40);
Insert into TRAINDB.SZEK (ID,TIPUS,ASZTAL,ABLAK,KOCSI,SZEK_SZAM) values (417,3,0,0,9,41);
Insert into TRAINDB.SZEK (ID,TIPUS,ASZTAL,ABLAK,KOCSI,SZEK_SZAM) values (418,1,0,0,9,42);
Insert into TRAINDB.SZEK (ID,TIPUS,ASZTAL,ABLAK,KOCSI,SZEK_SZAM) values (419,1,0,1,9,43);
Insert into TRAINDB.SZEK (ID,TIPUS,ASZTAL,ABLAK,KOCSI,SZEK_SZAM) values (420,3,0,0,9,44);
Insert into TRAINDB.SZEK (ID,TIPUS,ASZTAL,ABLAK,KOCSI,SZEK_SZAM) values (421,3,0,1,9,45);
Insert into TRAINDB.SZEK (ID,TIPUS,ASZTAL,ABLAK,KOCSI,SZEK_SZAM) values (422,3,0,1,9,46);
Insert into TRAINDB.SZEK (ID,TIPUS,ASZTAL,ABLAK,KOCSI,SZEK_SZAM) values (423,3,0,1,9,47);
Insert into TRAINDB.SZEK (ID,TIPUS,ASZTAL,ABLAK,KOCSI,SZEK_SZAM) values (424,3,0,1,9,48);
Insert into TRAINDB.SZEK (ID,TIPUS,ASZTAL,ABLAK,KOCSI,SZEK_SZAM) values (425,1,0,0,9,49);
Insert into TRAINDB.SZEK (ID,TIPUS,ASZTAL,ABLAK,KOCSI,SZEK_SZAM) values (426,1,0,1,9,50);
Insert into TRAINDB.SZEK (ID,TIPUS,ASZTAL,ABLAK,KOCSI,SZEK_SZAM) values (427,1,0,0,9,51);
Insert into TRAINDB.SZEK (ID,TIPUS,ASZTAL,ABLAK,KOCSI,SZEK_SZAM) values (428,3,0,1,9,52);
Insert into TRAINDB.SZEK (ID,TIPUS,ASZTAL,ABLAK,KOCSI,SZEK_SZAM) values (429,1,0,0,9,53);
Insert into TRAINDB.SZEK (ID,TIPUS,ASZTAL,ABLAK,KOCSI,SZEK_SZAM) values (430,3,0,0,9,54);
Insert into TRAINDB.SZEK (ID,TIPUS,ASZTAL,ABLAK,KOCSI,SZEK_SZAM) values (431,3,0,1,9,55);
Insert into TRAINDB.SZEK (ID,TIPUS,ASZTAL,ABLAK,KOCSI,SZEK_SZAM) values (432,3,0,1,9,56);
Insert into TRAINDB.SZEK (ID,TIPUS,ASZTAL,ABLAK,KOCSI,SZEK_SZAM) values (433,3,0,1,9,57);
Insert into TRAINDB.SZEK (ID,TIPUS,ASZTAL,ABLAK,KOCSI,SZEK_SZAM) values (434,1,1,0,9,58);
Insert into TRAINDB.SZEK (ID,TIPUS,ASZTAL,ABLAK,KOCSI,SZEK_SZAM) values (435,3,0,0,9,59);
Insert into TRAINDB.SZEK (ID,TIPUS,ASZTAL,ABLAK,KOCSI,SZEK_SZAM) values (436,3,0,1,9,60);
Insert into TRAINDB.SZEK (ID,TIPUS,ASZTAL,ABLAK,KOCSI,SZEK_SZAM) values (437,3,0,1,10,1);
Insert into TRAINDB.SZEK (ID,TIPUS,ASZTAL,ABLAK,KOCSI,SZEK_SZAM) values (438,1,0,1,10,2);
Insert into TRAINDB.SZEK (ID,TIPUS,ASZTAL,ABLAK,KOCSI,SZEK_SZAM) values (439,3,0,1,10,3);
Insert into TRAINDB.SZEK (ID,TIPUS,ASZTAL,ABLAK,KOCSI,SZEK_SZAM) values (440,3,0,1,10,4);
Insert into TRAINDB.SZEK (ID,TIPUS,ASZTAL,ABLAK,KOCSI,SZEK_SZAM) values (441,3,0,0,10,5);
Insert into TRAINDB.SZEK (ID,TIPUS,ASZTAL,ABLAK,KOCSI,SZEK_SZAM) values (442,1,1,1,10,6);
Insert into TRAINDB.SZEK (ID,TIPUS,ASZTAL,ABLAK,KOCSI,SZEK_SZAM) values (443,3,0,0,10,7);
Insert into TRAINDB.SZEK (ID,TIPUS,ASZTAL,ABLAK,KOCSI,SZEK_SZAM) values (444,1,0,0,10,8);
Insert into TRAINDB.SZEK (ID,TIPUS,ASZTAL,ABLAK,KOCSI,SZEK_SZAM) values (445,3,0,0,10,9);
Insert into TRAINDB.SZEK (ID,TIPUS,ASZTAL,ABLAK,KOCSI,SZEK_SZAM) values (446,3,0,1,10,10);
Insert into TRAINDB.SZEK (ID,TIPUS,ASZTAL,ABLAK,KOCSI,SZEK_SZAM) values (447,3,0,1,10,11);
Insert into TRAINDB.SZEK (ID,TIPUS,ASZTAL,ABLAK,KOCSI,SZEK_SZAM) values (448,3,0,0,10,12);
Insert into TRAINDB.SZEK (ID,TIPUS,ASZTAL,ABLAK,KOCSI,SZEK_SZAM) values (449,1,1,1,10,13);
Insert into TRAINDB.SZEK (ID,TIPUS,ASZTAL,ABLAK,KOCSI,SZEK_SZAM) values (450,1,0,1,10,14);
Insert into TRAINDB.SZEK (ID,TIPUS,ASZTAL,ABLAK,KOCSI,SZEK_SZAM) values (451,3,1,1,10,15);
Insert into TRAINDB.SZEK (ID,TIPUS,ASZTAL,ABLAK,KOCSI,SZEK_SZAM) values (452,3,0,1,10,16);
Insert into TRAINDB.SZEK (ID,TIPUS,ASZTAL,ABLAK,KOCSI,SZEK_SZAM) values (453,3,0,1,10,17);
Insert into TRAINDB.SZEK (ID,TIPUS,ASZTAL,ABLAK,KOCSI,SZEK_SZAM) values (454,3,0,0,10,18);
Insert into TRAINDB.SZEK (ID,TIPUS,ASZTAL,ABLAK,KOCSI,SZEK_SZAM) values (455,3,0,1,10,19);
Insert into TRAINDB.SZEK (ID,TIPUS,ASZTAL,ABLAK,KOCSI,SZEK_SZAM) values (456,3,0,0,10,20);
Insert into TRAINDB.SZEK (ID,TIPUS,ASZTAL,ABLAK,KOCSI,SZEK_SZAM) values (457,3,0,1,10,21);
Insert into TRAINDB.SZEK (ID,TIPUS,ASZTAL,ABLAK,KOCSI,SZEK_SZAM) values (458,3,0,1,10,22);
Insert into TRAINDB.SZEK (ID,TIPUS,ASZTAL,ABLAK,KOCSI,SZEK_SZAM) values (459,3,0,1,10,23);
Insert into TRAINDB.SZEK (ID,TIPUS,ASZTAL,ABLAK,KOCSI,SZEK_SZAM) values (460,1,1,0,10,24);
Insert into TRAINDB.SZEK (ID,TIPUS,ASZTAL,ABLAK,KOCSI,SZEK_SZAM) values (461,3,0,1,10,25);
Insert into TRAINDB.SZEK (ID,TIPUS,ASZTAL,ABLAK,KOCSI,SZEK_SZAM) values (462,3,0,1,10,26);
Insert into TRAINDB.SZEK (ID,TIPUS,ASZTAL,ABLAK,KOCSI,SZEK_SZAM) values (463,1,0,1,10,27);
Insert into TRAINDB.SZEK (ID,TIPUS,ASZTAL,ABLAK,KOCSI,SZEK_SZAM) values (464,3,1,1,10,28);
Insert into TRAINDB.SZEK (ID,TIPUS,ASZTAL,ABLAK,KOCSI,SZEK_SZAM) values (465,3,1,0,10,29);
Insert into TRAINDB.SZEK (ID,TIPUS,ASZTAL,ABLAK,KOCSI,SZEK_SZAM) values (466,1,0,0,10,30);
Insert into TRAINDB.SZEK (ID,TIPUS,ASZTAL,ABLAK,KOCSI,SZEK_SZAM) values (467,3,0,0,10,31);
Insert into TRAINDB.SZEK (ID,TIPUS,ASZTAL,ABLAK,KOCSI,SZEK_SZAM) values (468,1,1,0,10,32);
Insert into TRAINDB.SZEK (ID,TIPUS,ASZTAL,ABLAK,KOCSI,SZEK_SZAM) values (469,3,0,1,10,33);
Insert into TRAINDB.SZEK (ID,TIPUS,ASZTAL,ABLAK,KOCSI,SZEK_SZAM) values (470,3,0,1,10,34);
Insert into TRAINDB.SZEK (ID,TIPUS,ASZTAL,ABLAK,KOCSI,SZEK_SZAM) values (471,2,0,1,10,35);
Insert into TRAINDB.SZEK (ID,TIPUS,ASZTAL,ABLAK,KOCSI,SZEK_SZAM) values (472,3,0,1,10,36);
Insert into TRAINDB.SZEK (ID,TIPUS,ASZTAL,ABLAK,KOCSI,SZEK_SZAM) values (473,3,0,1,10,37);
Insert into TRAINDB.SZEK (ID,TIPUS,ASZTAL,ABLAK,KOCSI,SZEK_SZAM) values (474,3,0,1,10,38);
Insert into TRAINDB.SZEK (ID,TIPUS,ASZTAL,ABLAK,KOCSI,SZEK_SZAM) values (475,3,0,0,10,39);
Insert into TRAINDB.SZEK (ID,TIPUS,ASZTAL,ABLAK,KOCSI,SZEK_SZAM) values (476,1,0,1,10,40);
Insert into TRAINDB.SZEK (ID,TIPUS,ASZTAL,ABLAK,KOCSI,SZEK_SZAM) values (477,3,1,0,10,41);
Insert into TRAINDB.SZEK (ID,TIPUS,ASZTAL,ABLAK,KOCSI,SZEK_SZAM) values (478,1,0,1,10,42);
Insert into TRAINDB.SZEK (ID,TIPUS,ASZTAL,ABLAK,KOCSI,SZEK_SZAM) values (479,1,0,0,10,43);
Insert into TRAINDB.SZEK (ID,TIPUS,ASZTAL,ABLAK,KOCSI,SZEK_SZAM) values (480,3,0,1,10,44);
Insert into TRAINDB.SZEK (ID,TIPUS,ASZTAL,ABLAK,KOCSI,SZEK_SZAM) values (481,3,1,0,10,45);
Insert into TRAINDB.SZEK (ID,TIPUS,ASZTAL,ABLAK,KOCSI,SZEK_SZAM) values (482,3,1,0,10,46);
Insert into TRAINDB.SZEK (ID,TIPUS,ASZTAL,ABLAK,KOCSI,SZEK_SZAM) values (483,3,0,0,10,47);
Insert into TRAINDB.SZEK (ID,TIPUS,ASZTAL,ABLAK,KOCSI,SZEK_SZAM) values (484,3,1,1,10,48);
Insert into TRAINDB.SZEK (ID,TIPUS,ASZTAL,ABLAK,KOCSI,SZEK_SZAM) values (485,1,0,0,10,49);
Insert into TRAINDB.SZEK (ID,TIPUS,ASZTAL,ABLAK,KOCSI,SZEK_SZAM) values (486,2,0,1,10,50);
Insert into TRAINDB.SZEK (ID,TIPUS,ASZTAL,ABLAK,KOCSI,SZEK_SZAM) values (487,1,0,0,10,51);
Insert into TRAINDB.SZEK (ID,TIPUS,ASZTAL,ABLAK,KOCSI,SZEK_SZAM) values (488,3,1,0,10,52);
Insert into TRAINDB.SZEK (ID,TIPUS,ASZTAL,ABLAK,KOCSI,SZEK_SZAM) values (489,3,0,1,10,53);
Insert into TRAINDB.SZEK (ID,TIPUS,ASZTAL,ABLAK,KOCSI,SZEK_SZAM) values (490,3,0,1,10,54);
Insert into TRAINDB.SZEK (ID,TIPUS,ASZTAL,ABLAK,KOCSI,SZEK_SZAM) values (491,3,0,1,10,55);
Insert into TRAINDB.SZEK (ID,TIPUS,ASZTAL,ABLAK,KOCSI,SZEK_SZAM) values (492,2,0,1,10,56);
Insert into TRAINDB.SZEK (ID,TIPUS,ASZTAL,ABLAK,KOCSI,SZEK_SZAM) values (493,3,0,1,10,57);
Insert into TRAINDB.SZEK (ID,TIPUS,ASZTAL,ABLAK,KOCSI,SZEK_SZAM) values (494,3,0,1,10,58);
Insert into TRAINDB.SZEK (ID,TIPUS,ASZTAL,ABLAK,KOCSI,SZEK_SZAM) values (495,3,1,1,10,59);
Insert into TRAINDB.SZEK (ID,TIPUS,ASZTAL,ABLAK,KOCSI,SZEK_SZAM) values (496,3,0,0,10,60);
Insert into TRAINDB.SZEK (ID,TIPUS,ASZTAL,ABLAK,KOCSI,SZEK_SZAM) values (497,3,0,1,11,1);
Insert into TRAINDB.SZEK (ID,TIPUS,ASZTAL,ABLAK,KOCSI,SZEK_SZAM) values (498,3,0,1,11,2);
Insert into TRAINDB.SZEK (ID,TIPUS,ASZTAL,ABLAK,KOCSI,SZEK_SZAM) values (499,3,0,0,11,3);
Insert into TRAINDB.SZEK (ID,TIPUS,ASZTAL,ABLAK,KOCSI,SZEK_SZAM) values (500,1,1,0,11,4);
Insert into TRAINDB.SZEK (ID,TIPUS,ASZTAL,ABLAK,KOCSI,SZEK_SZAM) values (501,3,0,1,11,5);
Insert into TRAINDB.SZEK (ID,TIPUS,ASZTAL,ABLAK,KOCSI,SZEK_SZAM) values (502,1,0,0,11,6);
Insert into TRAINDB.SZEK (ID,TIPUS,ASZTAL,ABLAK,KOCSI,SZEK_SZAM) values (503,3,0,0,11,7);
Insert into TRAINDB.SZEK (ID,TIPUS,ASZTAL,ABLAK,KOCSI,SZEK_SZAM) values (504,3,0,0,11,8);
Insert into TRAINDB.SZEK (ID,TIPUS,ASZTAL,ABLAK,KOCSI,SZEK_SZAM) values (505,2,0,1,11,9);
Insert into TRAINDB.SZEK (ID,TIPUS,ASZTAL,ABLAK,KOCSI,SZEK_SZAM) values (506,3,0,1,11,10);
Insert into TRAINDB.SZEK (ID,TIPUS,ASZTAL,ABLAK,KOCSI,SZEK_SZAM) values (507,3,0,1,11,11);
Insert into TRAINDB.SZEK (ID,TIPUS,ASZTAL,ABLAK,KOCSI,SZEK_SZAM) values (508,3,0,1,11,12);
Insert into TRAINDB.SZEK (ID,TIPUS,ASZTAL,ABLAK,KOCSI,SZEK_SZAM) values (509,3,1,1,11,13);
Insert into TRAINDB.SZEK (ID,TIPUS,ASZTAL,ABLAK,KOCSI,SZEK_SZAM) values (510,3,1,1,11,14);
Insert into TRAINDB.SZEK (ID,TIPUS,ASZTAL,ABLAK,KOCSI,SZEK_SZAM) values (511,3,0,1,11,15);
Insert into TRAINDB.SZEK (ID,TIPUS,ASZTAL,ABLAK,KOCSI,SZEK_SZAM) values (512,1,0,0,11,16);
Insert into TRAINDB.SZEK (ID,TIPUS,ASZTAL,ABLAK,KOCSI,SZEK_SZAM) values (513,3,1,1,11,17);
Insert into TRAINDB.SZEK (ID,TIPUS,ASZTAL,ABLAK,KOCSI,SZEK_SZAM) values (514,3,1,1,11,18);
Insert into TRAINDB.SZEK (ID,TIPUS,ASZTAL,ABLAK,KOCSI,SZEK_SZAM) values (515,3,0,1,11,19);
Insert into TRAINDB.SZEK (ID,TIPUS,ASZTAL,ABLAK,KOCSI,SZEK_SZAM) values (516,1,1,0,11,20);
Insert into TRAINDB.SZEK (ID,TIPUS,ASZTAL,ABLAK,KOCSI,SZEK_SZAM) values (517,3,0,0,11,21);
Insert into TRAINDB.SZEK (ID,TIPUS,ASZTAL,ABLAK,KOCSI,SZEK_SZAM) values (518,1,0,1,11,22);
Insert into TRAINDB.SZEK (ID,TIPUS,ASZTAL,ABLAK,KOCSI,SZEK_SZAM) values (519,1,0,1,11,23);
Insert into TRAINDB.SZEK (ID,TIPUS,ASZTAL,ABLAK,KOCSI,SZEK_SZAM) values (520,3,0,0,11,24);
Insert into TRAINDB.SZEK (ID,TIPUS,ASZTAL,ABLAK,KOCSI,SZEK_SZAM) values (521,2,0,0,11,25);
Insert into TRAINDB.SZEK (ID,TIPUS,ASZTAL,ABLAK,KOCSI,SZEK_SZAM) values (522,3,0,1,11,26);
Insert into TRAINDB.SZEK (ID,TIPUS,ASZTAL,ABLAK,KOCSI,SZEK_SZAM) values (523,2,1,0,11,27);
Insert into TRAINDB.SZEK (ID,TIPUS,ASZTAL,ABLAK,KOCSI,SZEK_SZAM) values (524,3,0,1,11,28);
Insert into TRAINDB.SZEK (ID,TIPUS,ASZTAL,ABLAK,KOCSI,SZEK_SZAM) values (525,3,0,0,11,29);
Insert into TRAINDB.SZEK (ID,TIPUS,ASZTAL,ABLAK,KOCSI,SZEK_SZAM) values (526,1,1,1,11,30);
Insert into TRAINDB.SZEK (ID,TIPUS,ASZTAL,ABLAK,KOCSI,SZEK_SZAM) values (527,1,0,1,11,31);
Insert into TRAINDB.SZEK (ID,TIPUS,ASZTAL,ABLAK,KOCSI,SZEK_SZAM) values (528,3,1,0,11,32);
Insert into TRAINDB.SZEK (ID,TIPUS,ASZTAL,ABLAK,KOCSI,SZEK_SZAM) values (529,3,1,1,11,33);
Insert into TRAINDB.SZEK (ID,TIPUS,ASZTAL,ABLAK,KOCSI,SZEK_SZAM) values (530,3,0,1,11,34);
Insert into TRAINDB.SZEK (ID,TIPUS,ASZTAL,ABLAK,KOCSI,SZEK_SZAM) values (531,3,0,1,11,35);
Insert into TRAINDB.SZEK (ID,TIPUS,ASZTAL,ABLAK,KOCSI,SZEK_SZAM) values (532,3,0,1,11,36);
Insert into TRAINDB.SZEK (ID,TIPUS,ASZTAL,ABLAK,KOCSI,SZEK_SZAM) values (533,1,0,1,11,37);
Insert into TRAINDB.SZEK (ID,TIPUS,ASZTAL,ABLAK,KOCSI,SZEK_SZAM) values (534,3,0,0,11,38);
Insert into TRAINDB.SZEK (ID,TIPUS,ASZTAL,ABLAK,KOCSI,SZEK_SZAM) values (535,3,0,0,11,39);
Insert into TRAINDB.SZEK (ID,TIPUS,ASZTAL,ABLAK,KOCSI,SZEK_SZAM) values (536,3,0,0,11,40);
Insert into TRAINDB.SZEK (ID,TIPUS,ASZTAL,ABLAK,KOCSI,SZEK_SZAM) values (537,3,0,1,11,41);
Insert into TRAINDB.SZEK (ID,TIPUS,ASZTAL,ABLAK,KOCSI,SZEK_SZAM) values (538,1,0,1,11,42);
Insert into TRAINDB.SZEK (ID,TIPUS,ASZTAL,ABLAK,KOCSI,SZEK_SZAM) values (539,3,1,0,11,43);
Insert into TRAINDB.SZEK (ID,TIPUS,ASZTAL,ABLAK,KOCSI,SZEK_SZAM) values (540,3,1,1,11,44);
Insert into TRAINDB.SZEK (ID,TIPUS,ASZTAL,ABLAK,KOCSI,SZEK_SZAM) values (541,3,1,1,11,45);
Insert into TRAINDB.SZEK (ID,TIPUS,ASZTAL,ABLAK,KOCSI,SZEK_SZAM) values (542,3,0,0,11,46);
Insert into TRAINDB.SZEK (ID,TIPUS,ASZTAL,ABLAK,KOCSI,SZEK_SZAM) values (543,3,0,0,11,47);
Insert into TRAINDB.SZEK (ID,TIPUS,ASZTAL,ABLAK,KOCSI,SZEK_SZAM) values (544,3,0,1,11,48);
Insert into TRAINDB.SZEK (ID,TIPUS,ASZTAL,ABLAK,KOCSI,SZEK_SZAM) values (545,3,0,0,11,49);
Insert into TRAINDB.SZEK (ID,TIPUS,ASZTAL,ABLAK,KOCSI,SZEK_SZAM) values (546,3,0,1,11,50);
Insert into TRAINDB.SZEK (ID,TIPUS,ASZTAL,ABLAK,KOCSI,SZEK_SZAM) values (547,3,0,0,11,51);
Insert into TRAINDB.SZEK (ID,TIPUS,ASZTAL,ABLAK,KOCSI,SZEK_SZAM) values (548,3,0,0,11,52);
Insert into TRAINDB.SZEK (ID,TIPUS,ASZTAL,ABLAK,KOCSI,SZEK_SZAM) values (549,1,0,1,11,53);
Insert into TRAINDB.SZEK (ID,TIPUS,ASZTAL,ABLAK,KOCSI,SZEK_SZAM) values (550,1,0,1,11,54);
Insert into TRAINDB.SZEK (ID,TIPUS,ASZTAL,ABLAK,KOCSI,SZEK_SZAM) values (551,3,1,1,11,55);
Insert into TRAINDB.SZEK (ID,TIPUS,ASZTAL,ABLAK,KOCSI,SZEK_SZAM) values (552,3,1,0,11,56);
Insert into TRAINDB.SZEK (ID,TIPUS,ASZTAL,ABLAK,KOCSI,SZEK_SZAM) values (553,3,0,1,11,57);
Insert into TRAINDB.SZEK (ID,TIPUS,ASZTAL,ABLAK,KOCSI,SZEK_SZAM) values (554,1,0,0,11,58);
Insert into TRAINDB.SZEK (ID,TIPUS,ASZTAL,ABLAK,KOCSI,SZEK_SZAM) values (555,3,0,1,11,59);
Insert into TRAINDB.SZEK (ID,TIPUS,ASZTAL,ABLAK,KOCSI,SZEK_SZAM) values (556,3,0,1,11,60);
Insert into TRAINDB.SZEK (ID,TIPUS,ASZTAL,ABLAK,KOCSI,SZEK_SZAM) values (557,1,0,1,12,1);
Insert into TRAINDB.SZEK (ID,TIPUS,ASZTAL,ABLAK,KOCSI,SZEK_SZAM) values (558,3,0,1,12,2);
Insert into TRAINDB.SZEK (ID,TIPUS,ASZTAL,ABLAK,KOCSI,SZEK_SZAM) values (559,3,0,1,12,3);
Insert into TRAINDB.SZEK (ID,TIPUS,ASZTAL,ABLAK,KOCSI,SZEK_SZAM) values (560,3,0,1,12,4);
Insert into TRAINDB.SZEK (ID,TIPUS,ASZTAL,ABLAK,KOCSI,SZEK_SZAM) values (561,3,0,1,12,5);
Insert into TRAINDB.SZEK (ID,TIPUS,ASZTAL,ABLAK,KOCSI,SZEK_SZAM) values (562,3,0,1,12,6);
Insert into TRAINDB.SZEK (ID,TIPUS,ASZTAL,ABLAK,KOCSI,SZEK_SZAM) values (563,1,1,1,12,7);
Insert into TRAINDB.SZEK (ID,TIPUS,ASZTAL,ABLAK,KOCSI,SZEK_SZAM) values (564,3,0,1,12,8);
Insert into TRAINDB.SZEK (ID,TIPUS,ASZTAL,ABLAK,KOCSI,SZEK_SZAM) values (565,3,1,0,12,9);
Insert into TRAINDB.SZEK (ID,TIPUS,ASZTAL,ABLAK,KOCSI,SZEK_SZAM) values (566,3,0,0,12,10);
Insert into TRAINDB.SZEK (ID,TIPUS,ASZTAL,ABLAK,KOCSI,SZEK_SZAM) values (567,3,0,1,12,11);
Insert into TRAINDB.SZEK (ID,TIPUS,ASZTAL,ABLAK,KOCSI,SZEK_SZAM) values (568,1,0,0,12,12);
Insert into TRAINDB.SZEK (ID,TIPUS,ASZTAL,ABLAK,KOCSI,SZEK_SZAM) values (569,3,1,0,12,13);
Insert into TRAINDB.SZEK (ID,TIPUS,ASZTAL,ABLAK,KOCSI,SZEK_SZAM) values (570,3,1,1,12,14);
Insert into TRAINDB.SZEK (ID,TIPUS,ASZTAL,ABLAK,KOCSI,SZEK_SZAM) values (571,1,0,0,12,15);
Insert into TRAINDB.SZEK (ID,TIPUS,ASZTAL,ABLAK,KOCSI,SZEK_SZAM) values (572,1,0,1,12,16);
Insert into TRAINDB.SZEK (ID,TIPUS,ASZTAL,ABLAK,KOCSI,SZEK_SZAM) values (573,3,0,0,12,17);
Insert into TRAINDB.SZEK (ID,TIPUS,ASZTAL,ABLAK,KOCSI,SZEK_SZAM) values (574,1,0,0,12,18);
Insert into TRAINDB.SZEK (ID,TIPUS,ASZTAL,ABLAK,KOCSI,SZEK_SZAM) values (575,3,0,1,12,19);
Insert into TRAINDB.SZEK (ID,TIPUS,ASZTAL,ABLAK,KOCSI,SZEK_SZAM) values (576,3,1,1,12,20);
Insert into TRAINDB.SZEK (ID,TIPUS,ASZTAL,ABLAK,KOCSI,SZEK_SZAM) values (577,3,1,0,12,21);
Insert into TRAINDB.SZEK (ID,TIPUS,ASZTAL,ABLAK,KOCSI,SZEK_SZAM) values (578,1,0,1,12,22);
Insert into TRAINDB.SZEK (ID,TIPUS,ASZTAL,ABLAK,KOCSI,SZEK_SZAM) values (579,3,0,1,12,23);
Insert into TRAINDB.SZEK (ID,TIPUS,ASZTAL,ABLAK,KOCSI,SZEK_SZAM) values (580,1,0,0,12,24);
Insert into TRAINDB.SZEK (ID,TIPUS,ASZTAL,ABLAK,KOCSI,SZEK_SZAM) values (581,3,0,1,12,25);
Insert into TRAINDB.SZEK (ID,TIPUS,ASZTAL,ABLAK,KOCSI,SZEK_SZAM) values (582,1,1,1,12,26);
Insert into TRAINDB.SZEK (ID,TIPUS,ASZTAL,ABLAK,KOCSI,SZEK_SZAM) values (583,3,0,1,12,27);
Insert into TRAINDB.SZEK (ID,TIPUS,ASZTAL,ABLAK,KOCSI,SZEK_SZAM) values (584,3,1,1,12,28);
Insert into TRAINDB.SZEK (ID,TIPUS,ASZTAL,ABLAK,KOCSI,SZEK_SZAM) values (585,3,1,1,12,29);
Insert into TRAINDB.SZEK (ID,TIPUS,ASZTAL,ABLAK,KOCSI,SZEK_SZAM) values (586,1,0,0,12,30);
Insert into TRAINDB.SZEK (ID,TIPUS,ASZTAL,ABLAK,KOCSI,SZEK_SZAM) values (587,1,0,1,12,31);
Insert into TRAINDB.SZEK (ID,TIPUS,ASZTAL,ABLAK,KOCSI,SZEK_SZAM) values (588,1,0,0,12,32);
Insert into TRAINDB.SZEK (ID,TIPUS,ASZTAL,ABLAK,KOCSI,SZEK_SZAM) values (589,3,0,1,12,33);
Insert into TRAINDB.SZEK (ID,TIPUS,ASZTAL,ABLAK,KOCSI,SZEK_SZAM) values (590,3,0,1,12,34);
Insert into TRAINDB.SZEK (ID,TIPUS,ASZTAL,ABLAK,KOCSI,SZEK_SZAM) values (591,3,1,0,12,35);
Insert into TRAINDB.SZEK (ID,TIPUS,ASZTAL,ABLAK,KOCSI,SZEK_SZAM) values (592,3,0,0,12,36);
Insert into TRAINDB.SZEK (ID,TIPUS,ASZTAL,ABLAK,KOCSI,SZEK_SZAM) values (593,3,0,1,12,37);
Insert into TRAINDB.SZEK (ID,TIPUS,ASZTAL,ABLAK,KOCSI,SZEK_SZAM) values (594,3,0,0,12,38);
Insert into TRAINDB.SZEK (ID,TIPUS,ASZTAL,ABLAK,KOCSI,SZEK_SZAM) values (595,3,0,0,12,39);
Insert into TRAINDB.SZEK (ID,TIPUS,ASZTAL,ABLAK,KOCSI,SZEK_SZAM) values (596,1,0,1,12,40);
Insert into TRAINDB.SZEK (ID,TIPUS,ASZTAL,ABLAK,KOCSI,SZEK_SZAM) values (597,3,0,1,12,41);
Insert into TRAINDB.SZEK (ID,TIPUS,ASZTAL,ABLAK,KOCSI,SZEK_SZAM) values (598,3,0,0,12,42);
Insert into TRAINDB.SZEK (ID,TIPUS,ASZTAL,ABLAK,KOCSI,SZEK_SZAM) values (599,1,0,0,12,43);
Insert into TRAINDB.SZEK (ID,TIPUS,ASZTAL,ABLAK,KOCSI,SZEK_SZAM) values (600,3,0,1,12,44);
Insert into TRAINDB.SZEK (ID,TIPUS,ASZTAL,ABLAK,KOCSI,SZEK_SZAM) values (601,1,0,1,12,45);
Insert into TRAINDB.SZEK (ID,TIPUS,ASZTAL,ABLAK,KOCSI,SZEK_SZAM) values (602,3,1,0,12,46);
Insert into TRAINDB.SZEK (ID,TIPUS,ASZTAL,ABLAK,KOCSI,SZEK_SZAM) values (603,3,0,1,12,47);
Insert into TRAINDB.SZEK (ID,TIPUS,ASZTAL,ABLAK,KOCSI,SZEK_SZAM) values (604,3,0,0,12,48);
Insert into TRAINDB.SZEK (ID,TIPUS,ASZTAL,ABLAK,KOCSI,SZEK_SZAM) values (605,1,0,1,12,49);
Insert into TRAINDB.SZEK (ID,TIPUS,ASZTAL,ABLAK,KOCSI,SZEK_SZAM) values (606,2,0,1,12,50);
Insert into TRAINDB.SZEK (ID,TIPUS,ASZTAL,ABLAK,KOCSI,SZEK_SZAM) values (607,3,0,0,12,51);
Insert into TRAINDB.SZEK (ID,TIPUS,ASZTAL,ABLAK,KOCSI,SZEK_SZAM) values (608,3,0,1,12,52);
Insert into TRAINDB.SZEK (ID,TIPUS,ASZTAL,ABLAK,KOCSI,SZEK_SZAM) values (609,1,0,1,12,53);
Insert into TRAINDB.SZEK (ID,TIPUS,ASZTAL,ABLAK,KOCSI,SZEK_SZAM) values (610,1,0,1,12,54);
Insert into TRAINDB.SZEK (ID,TIPUS,ASZTAL,ABLAK,KOCSI,SZEK_SZAM) values (611,3,0,1,12,55);
Insert into TRAINDB.SZEK (ID,TIPUS,ASZTAL,ABLAK,KOCSI,SZEK_SZAM) values (612,1,1,0,12,56);
Insert into TRAINDB.SZEK (ID,TIPUS,ASZTAL,ABLAK,KOCSI,SZEK_SZAM) values (613,3,0,1,12,57);
Insert into TRAINDB.SZEK (ID,TIPUS,ASZTAL,ABLAK,KOCSI,SZEK_SZAM) values (614,3,0,0,12,58);
Insert into TRAINDB.SZEK (ID,TIPUS,ASZTAL,ABLAK,KOCSI,SZEK_SZAM) values (615,3,0,1,12,59);
Insert into TRAINDB.SZEK (ID,TIPUS,ASZTAL,ABLAK,KOCSI,SZEK_SZAM) values (616,1,0,0,12,60);
Insert into TRAINDB.SZEK (ID,TIPUS,ASZTAL,ABLAK,KOCSI,SZEK_SZAM) values (617,3,1,0,13,1);
Insert into TRAINDB.SZEK (ID,TIPUS,ASZTAL,ABLAK,KOCSI,SZEK_SZAM) values (618,3,0,1,13,2);
Insert into TRAINDB.SZEK (ID,TIPUS,ASZTAL,ABLAK,KOCSI,SZEK_SZAM) values (619,3,0,0,13,3);
Insert into TRAINDB.SZEK (ID,TIPUS,ASZTAL,ABLAK,KOCSI,SZEK_SZAM) values (620,3,0,0,13,4);
Insert into TRAINDB.SZEK (ID,TIPUS,ASZTAL,ABLAK,KOCSI,SZEK_SZAM) values (621,3,0,1,13,5);
Insert into TRAINDB.SZEK (ID,TIPUS,ASZTAL,ABLAK,KOCSI,SZEK_SZAM) values (622,1,0,0,13,6);
Insert into TRAINDB.SZEK (ID,TIPUS,ASZTAL,ABLAK,KOCSI,SZEK_SZAM) values (623,3,0,1,13,7);
Insert into TRAINDB.SZEK (ID,TIPUS,ASZTAL,ABLAK,KOCSI,SZEK_SZAM) values (624,3,1,0,13,8);
Insert into TRAINDB.SZEK (ID,TIPUS,ASZTAL,ABLAK,KOCSI,SZEK_SZAM) values (625,1,0,0,13,9);
Insert into TRAINDB.SZEK (ID,TIPUS,ASZTAL,ABLAK,KOCSI,SZEK_SZAM) values (626,3,1,0,13,10);
Insert into TRAINDB.SZEK (ID,TIPUS,ASZTAL,ABLAK,KOCSI,SZEK_SZAM) values (627,1,0,1,13,11);
Insert into TRAINDB.SZEK (ID,TIPUS,ASZTAL,ABLAK,KOCSI,SZEK_SZAM) values (628,3,0,0,13,12);
Insert into TRAINDB.SZEK (ID,TIPUS,ASZTAL,ABLAK,KOCSI,SZEK_SZAM) values (629,3,0,1,13,13);
Insert into TRAINDB.SZEK (ID,TIPUS,ASZTAL,ABLAK,KOCSI,SZEK_SZAM) values (630,3,0,0,13,14);
Insert into TRAINDB.SZEK (ID,TIPUS,ASZTAL,ABLAK,KOCSI,SZEK_SZAM) values (631,3,1,1,13,15);
Insert into TRAINDB.SZEK (ID,TIPUS,ASZTAL,ABLAK,KOCSI,SZEK_SZAM) values (632,3,0,0,13,16);
Insert into TRAINDB.SZEK (ID,TIPUS,ASZTAL,ABLAK,KOCSI,SZEK_SZAM) values (633,3,1,0,13,17);
Insert into TRAINDB.SZEK (ID,TIPUS,ASZTAL,ABLAK,KOCSI,SZEK_SZAM) values (634,1,0,0,13,18);
Insert into TRAINDB.SZEK (ID,TIPUS,ASZTAL,ABLAK,KOCSI,SZEK_SZAM) values (635,3,1,1,13,19);
Insert into TRAINDB.SZEK (ID,TIPUS,ASZTAL,ABLAK,KOCSI,SZEK_SZAM) values (636,3,1,1,13,20);
Insert into TRAINDB.SZEK (ID,TIPUS,ASZTAL,ABLAK,KOCSI,SZEK_SZAM) values (637,2,1,0,13,21);
Insert into TRAINDB.SZEK (ID,TIPUS,ASZTAL,ABLAK,KOCSI,SZEK_SZAM) values (638,3,1,0,13,22);
Insert into TRAINDB.SZEK (ID,TIPUS,ASZTAL,ABLAK,KOCSI,SZEK_SZAM) values (639,3,1,0,13,23);
Insert into TRAINDB.SZEK (ID,TIPUS,ASZTAL,ABLAK,KOCSI,SZEK_SZAM) values (640,3,1,0,13,24);
Insert into TRAINDB.SZEK (ID,TIPUS,ASZTAL,ABLAK,KOCSI,SZEK_SZAM) values (641,3,0,1,13,25);
Insert into TRAINDB.SZEK (ID,TIPUS,ASZTAL,ABLAK,KOCSI,SZEK_SZAM) values (642,1,0,0,13,26);
Insert into TRAINDB.SZEK (ID,TIPUS,ASZTAL,ABLAK,KOCSI,SZEK_SZAM) values (643,3,0,0,13,27);
Insert into TRAINDB.SZEK (ID,TIPUS,ASZTAL,ABLAK,KOCSI,SZEK_SZAM) values (644,3,1,1,13,28);
Insert into TRAINDB.SZEK (ID,TIPUS,ASZTAL,ABLAK,KOCSI,SZEK_SZAM) values (645,3,0,1,13,29);
Insert into TRAINDB.SZEK (ID,TIPUS,ASZTAL,ABLAK,KOCSI,SZEK_SZAM) values (646,3,0,0,13,30);
Insert into TRAINDB.SZEK (ID,TIPUS,ASZTAL,ABLAK,KOCSI,SZEK_SZAM) values (647,3,0,1,13,31);
Insert into TRAINDB.SZEK (ID,TIPUS,ASZTAL,ABLAK,KOCSI,SZEK_SZAM) values (648,3,0,0,13,32);
Insert into TRAINDB.SZEK (ID,TIPUS,ASZTAL,ABLAK,KOCSI,SZEK_SZAM) values (649,3,0,0,13,33);
Insert into TRAINDB.SZEK (ID,TIPUS,ASZTAL,ABLAK,KOCSI,SZEK_SZAM) values (650,3,0,0,13,34);
Insert into TRAINDB.SZEK (ID,TIPUS,ASZTAL,ABLAK,KOCSI,SZEK_SZAM) values (651,3,1,1,13,35);
Insert into TRAINDB.SZEK (ID,TIPUS,ASZTAL,ABLAK,KOCSI,SZEK_SZAM) values (652,3,1,0,13,36);
Insert into TRAINDB.SZEK (ID,TIPUS,ASZTAL,ABLAK,KOCSI,SZEK_SZAM) values (653,3,0,0,13,37);
Insert into TRAINDB.SZEK (ID,TIPUS,ASZTAL,ABLAK,KOCSI,SZEK_SZAM) values (654,1,0,1,13,38);
Insert into TRAINDB.SZEK (ID,TIPUS,ASZTAL,ABLAK,KOCSI,SZEK_SZAM) values (655,3,1,0,13,39);
Insert into TRAINDB.SZEK (ID,TIPUS,ASZTAL,ABLAK,KOCSI,SZEK_SZAM) values (656,1,0,1,13,40);
Insert into TRAINDB.SZEK (ID,TIPUS,ASZTAL,ABLAK,KOCSI,SZEK_SZAM) values (657,3,0,0,13,41);
Insert into TRAINDB.SZEK (ID,TIPUS,ASZTAL,ABLAK,KOCSI,SZEK_SZAM) values (658,3,0,0,13,42);
Insert into TRAINDB.SZEK (ID,TIPUS,ASZTAL,ABLAK,KOCSI,SZEK_SZAM) values (659,3,0,1,13,43);
Insert into TRAINDB.SZEK (ID,TIPUS,ASZTAL,ABLAK,KOCSI,SZEK_SZAM) values (660,3,0,0,13,44);
Insert into TRAINDB.SZEK (ID,TIPUS,ASZTAL,ABLAK,KOCSI,SZEK_SZAM) values (661,3,0,0,13,45);
Insert into TRAINDB.SZEK (ID,TIPUS,ASZTAL,ABLAK,KOCSI,SZEK_SZAM) values (662,3,0,0,13,46);
Insert into TRAINDB.SZEK (ID,TIPUS,ASZTAL,ABLAK,KOCSI,SZEK_SZAM) values (663,3,0,0,13,47);
Insert into TRAINDB.SZEK (ID,TIPUS,ASZTAL,ABLAK,KOCSI,SZEK_SZAM) values (664,1,0,0,13,48);
Insert into TRAINDB.SZEK (ID,TIPUS,ASZTAL,ABLAK,KOCSI,SZEK_SZAM) values (665,3,0,0,13,49);
Insert into TRAINDB.SZEK (ID,TIPUS,ASZTAL,ABLAK,KOCSI,SZEK_SZAM) values (666,1,0,1,13,50);
Insert into TRAINDB.SZEK (ID,TIPUS,ASZTAL,ABLAK,KOCSI,SZEK_SZAM) values (667,3,0,1,13,51);
Insert into TRAINDB.SZEK (ID,TIPUS,ASZTAL,ABLAK,KOCSI,SZEK_SZAM) values (668,1,0,0,13,52);
Insert into TRAINDB.SZEK (ID,TIPUS,ASZTAL,ABLAK,KOCSI,SZEK_SZAM) values (669,1,0,0,14,1);
Insert into TRAINDB.SZEK (ID,TIPUS,ASZTAL,ABLAK,KOCSI,SZEK_SZAM) values (670,3,0,0,14,2);
Insert into TRAINDB.SZEK (ID,TIPUS,ASZTAL,ABLAK,KOCSI,SZEK_SZAM) values (671,3,0,0,14,3);
Insert into TRAINDB.SZEK (ID,TIPUS,ASZTAL,ABLAK,KOCSI,SZEK_SZAM) values (672,3,1,1,14,4);
Insert into TRAINDB.SZEK (ID,TIPUS,ASZTAL,ABLAK,KOCSI,SZEK_SZAM) values (673,1,0,1,14,5);
Insert into TRAINDB.SZEK (ID,TIPUS,ASZTAL,ABLAK,KOCSI,SZEK_SZAM) values (674,3,0,1,14,6);
Insert into TRAINDB.SZEK (ID,TIPUS,ASZTAL,ABLAK,KOCSI,SZEK_SZAM) values (675,1,0,1,14,7);
Insert into TRAINDB.SZEK (ID,TIPUS,ASZTAL,ABLAK,KOCSI,SZEK_SZAM) values (676,2,1,1,14,8);
Insert into TRAINDB.SZEK (ID,TIPUS,ASZTAL,ABLAK,KOCSI,SZEK_SZAM) values (677,1,1,0,14,9);
Insert into TRAINDB.SZEK (ID,TIPUS,ASZTAL,ABLAK,KOCSI,SZEK_SZAM) values (678,3,0,1,14,10);
Insert into TRAINDB.SZEK (ID,TIPUS,ASZTAL,ABLAK,KOCSI,SZEK_SZAM) values (679,3,0,0,14,11);
Insert into TRAINDB.SZEK (ID,TIPUS,ASZTAL,ABLAK,KOCSI,SZEK_SZAM) values (680,3,1,0,14,12);
Insert into TRAINDB.SZEK (ID,TIPUS,ASZTAL,ABLAK,KOCSI,SZEK_SZAM) values (681,1,0,1,14,13);
Insert into TRAINDB.SZEK (ID,TIPUS,ASZTAL,ABLAK,KOCSI,SZEK_SZAM) values (682,3,0,1,14,14);
Insert into TRAINDB.SZEK (ID,TIPUS,ASZTAL,ABLAK,KOCSI,SZEK_SZAM) values (683,3,0,0,14,15);
Insert into TRAINDB.SZEK (ID,TIPUS,ASZTAL,ABLAK,KOCSI,SZEK_SZAM) values (684,3,0,1,14,16);
Insert into TRAINDB.SZEK (ID,TIPUS,ASZTAL,ABLAK,KOCSI,SZEK_SZAM) values (685,1,0,1,14,17);
Insert into TRAINDB.SZEK (ID,TIPUS,ASZTAL,ABLAK,KOCSI,SZEK_SZAM) values (686,3,0,1,14,18);
Insert into TRAINDB.SZEK (ID,TIPUS,ASZTAL,ABLAK,KOCSI,SZEK_SZAM) values (687,1,0,0,14,19);
Insert into TRAINDB.SZEK (ID,TIPUS,ASZTAL,ABLAK,KOCSI,SZEK_SZAM) values (688,3,0,1,14,20);
Insert into TRAINDB.SZEK (ID,TIPUS,ASZTAL,ABLAK,KOCSI,SZEK_SZAM) values (689,3,1,0,14,21);
Insert into TRAINDB.SZEK (ID,TIPUS,ASZTAL,ABLAK,KOCSI,SZEK_SZAM) values (690,3,0,0,14,22);
Insert into TRAINDB.SZEK (ID,TIPUS,ASZTAL,ABLAK,KOCSI,SZEK_SZAM) values (691,1,1,1,14,23);
Insert into TRAINDB.SZEK (ID,TIPUS,ASZTAL,ABLAK,KOCSI,SZEK_SZAM) values (692,1,0,0,14,24);
Insert into TRAINDB.SZEK (ID,TIPUS,ASZTAL,ABLAK,KOCSI,SZEK_SZAM) values (693,1,1,0,14,25);
Insert into TRAINDB.SZEK (ID,TIPUS,ASZTAL,ABLAK,KOCSI,SZEK_SZAM) values (694,1,0,1,14,26);
Insert into TRAINDB.SZEK (ID,TIPUS,ASZTAL,ABLAK,KOCSI,SZEK_SZAM) values (695,1,0,1,14,27);
Insert into TRAINDB.SZEK (ID,TIPUS,ASZTAL,ABLAK,KOCSI,SZEK_SZAM) values (696,2,0,1,14,28);
Insert into TRAINDB.SZEK (ID,TIPUS,ASZTAL,ABLAK,KOCSI,SZEK_SZAM) values (697,1,0,0,14,29);
Insert into TRAINDB.SZEK (ID,TIPUS,ASZTAL,ABLAK,KOCSI,SZEK_SZAM) values (698,3,0,1,14,30);
Insert into TRAINDB.SZEK (ID,TIPUS,ASZTAL,ABLAK,KOCSI,SZEK_SZAM) values (699,3,1,1,14,31);
Insert into TRAINDB.SZEK (ID,TIPUS,ASZTAL,ABLAK,KOCSI,SZEK_SZAM) values (700,1,0,0,14,32);
Insert into TRAINDB.SZEK (ID,TIPUS,ASZTAL,ABLAK,KOCSI,SZEK_SZAM) values (701,3,0,1,14,33);
Insert into TRAINDB.SZEK (ID,TIPUS,ASZTAL,ABLAK,KOCSI,SZEK_SZAM) values (702,1,0,0,14,34);
Insert into TRAINDB.SZEK (ID,TIPUS,ASZTAL,ABLAK,KOCSI,SZEK_SZAM) values (703,3,0,0,14,35);
Insert into TRAINDB.SZEK (ID,TIPUS,ASZTAL,ABLAK,KOCSI,SZEK_SZAM) values (704,3,0,0,14,36);
Insert into TRAINDB.SZEK (ID,TIPUS,ASZTAL,ABLAK,KOCSI,SZEK_SZAM) values (705,3,0,0,14,37);
Insert into TRAINDB.SZEK (ID,TIPUS,ASZTAL,ABLAK,KOCSI,SZEK_SZAM) values (706,1,0,0,14,38);
Insert into TRAINDB.SZEK (ID,TIPUS,ASZTAL,ABLAK,KOCSI,SZEK_SZAM) values (707,3,0,0,14,39);
Insert into TRAINDB.SZEK (ID,TIPUS,ASZTAL,ABLAK,KOCSI,SZEK_SZAM) values (708,3,0,0,14,40);
Insert into TRAINDB.SZEK (ID,TIPUS,ASZTAL,ABLAK,KOCSI,SZEK_SZAM) values (709,1,0,1,14,41);
Insert into TRAINDB.SZEK (ID,TIPUS,ASZTAL,ABLAK,KOCSI,SZEK_SZAM) values (710,3,1,1,14,42);
Insert into TRAINDB.SZEK (ID,TIPUS,ASZTAL,ABLAK,KOCSI,SZEK_SZAM) values (711,3,0,0,14,43);
Insert into TRAINDB.SZEK (ID,TIPUS,ASZTAL,ABLAK,KOCSI,SZEK_SZAM) values (712,3,0,0,14,44);
Insert into TRAINDB.SZEK (ID,TIPUS,ASZTAL,ABLAK,KOCSI,SZEK_SZAM) values (713,3,0,0,14,45);
Insert into TRAINDB.SZEK (ID,TIPUS,ASZTAL,ABLAK,KOCSI,SZEK_SZAM) values (714,1,1,0,14,46);
Insert into TRAINDB.SZEK (ID,TIPUS,ASZTAL,ABLAK,KOCSI,SZEK_SZAM) values (715,1,0,0,14,47);
Insert into TRAINDB.SZEK (ID,TIPUS,ASZTAL,ABLAK,KOCSI,SZEK_SZAM) values (716,1,0,1,14,48);
Insert into TRAINDB.SZEK (ID,TIPUS,ASZTAL,ABLAK,KOCSI,SZEK_SZAM) values (717,3,0,0,14,49);
Insert into TRAINDB.SZEK (ID,TIPUS,ASZTAL,ABLAK,KOCSI,SZEK_SZAM) values (718,3,0,1,14,50);
Insert into TRAINDB.SZEK (ID,TIPUS,ASZTAL,ABLAK,KOCSI,SZEK_SZAM) values (719,3,0,1,14,51);
Insert into TRAINDB.SZEK (ID,TIPUS,ASZTAL,ABLAK,KOCSI,SZEK_SZAM) values (720,3,0,1,14,52);
Insert into TRAINDB.SZEK (ID,TIPUS,ASZTAL,ABLAK,KOCSI,SZEK_SZAM) values (721,3,1,0,14,53);
Insert into TRAINDB.SZEK (ID,TIPUS,ASZTAL,ABLAK,KOCSI,SZEK_SZAM) values (722,3,0,1,14,54);
Insert into TRAINDB.SZEK (ID,TIPUS,ASZTAL,ABLAK,KOCSI,SZEK_SZAM) values (723,3,0,1,14,55);
Insert into TRAINDB.SZEK (ID,TIPUS,ASZTAL,ABLAK,KOCSI,SZEK_SZAM) values (724,1,0,1,14,56);
Insert into TRAINDB.SZEK (ID,TIPUS,ASZTAL,ABLAK,KOCSI,SZEK_SZAM) values (725,1,0,1,14,57);
Insert into TRAINDB.SZEK (ID,TIPUS,ASZTAL,ABLAK,KOCSI,SZEK_SZAM) values (726,3,0,1,14,58);
Insert into TRAINDB.SZEK (ID,TIPUS,ASZTAL,ABLAK,KOCSI,SZEK_SZAM) values (727,1,0,1,14,59);
Insert into TRAINDB.SZEK (ID,TIPUS,ASZTAL,ABLAK,KOCSI,SZEK_SZAM) values (728,3,0,1,14,60);
Insert into TRAINDB.SZEK (ID,TIPUS,ASZTAL,ABLAK,KOCSI,SZEK_SZAM) values (729,3,0,1,15,1);
Insert into TRAINDB.SZEK (ID,TIPUS,ASZTAL,ABLAK,KOCSI,SZEK_SZAM) values (730,1,1,0,15,2);
Insert into TRAINDB.SZEK (ID,TIPUS,ASZTAL,ABLAK,KOCSI,SZEK_SZAM) values (731,3,0,0,15,3);
Insert into TRAINDB.SZEK (ID,TIPUS,ASZTAL,ABLAK,KOCSI,SZEK_SZAM) values (732,3,0,0,15,4);
Insert into TRAINDB.SZEK (ID,TIPUS,ASZTAL,ABLAK,KOCSI,SZEK_SZAM) values (733,3,0,1,15,5);
Insert into TRAINDB.SZEK (ID,TIPUS,ASZTAL,ABLAK,KOCSI,SZEK_SZAM) values (734,3,0,1,15,6);
Insert into TRAINDB.SZEK (ID,TIPUS,ASZTAL,ABLAK,KOCSI,SZEK_SZAM) values (735,3,1,0,15,7);
Insert into TRAINDB.SZEK (ID,TIPUS,ASZTAL,ABLAK,KOCSI,SZEK_SZAM) values (736,1,0,1,15,8);
Insert into TRAINDB.SZEK (ID,TIPUS,ASZTAL,ABLAK,KOCSI,SZEK_SZAM) values (737,3,0,0,15,9);
Insert into TRAINDB.SZEK (ID,TIPUS,ASZTAL,ABLAK,KOCSI,SZEK_SZAM) values (738,3,0,1,15,10);
Insert into TRAINDB.SZEK (ID,TIPUS,ASZTAL,ABLAK,KOCSI,SZEK_SZAM) values (739,3,0,1,15,11);
Insert into TRAINDB.SZEK (ID,TIPUS,ASZTAL,ABLAK,KOCSI,SZEK_SZAM) values (740,1,0,0,15,12);
Insert into TRAINDB.SZEK (ID,TIPUS,ASZTAL,ABLAK,KOCSI,SZEK_SZAM) values (741,3,0,1,15,13);
Insert into TRAINDB.SZEK (ID,TIPUS,ASZTAL,ABLAK,KOCSI,SZEK_SZAM) values (742,2,1,1,15,14);
Insert into TRAINDB.SZEK (ID,TIPUS,ASZTAL,ABLAK,KOCSI,SZEK_SZAM) values (743,1,1,0,15,15);
Insert into TRAINDB.SZEK (ID,TIPUS,ASZTAL,ABLAK,KOCSI,SZEK_SZAM) values (744,3,0,1,15,16);
Insert into TRAINDB.SZEK (ID,TIPUS,ASZTAL,ABLAK,KOCSI,SZEK_SZAM) values (745,3,0,0,15,17);
Insert into TRAINDB.SZEK (ID,TIPUS,ASZTAL,ABLAK,KOCSI,SZEK_SZAM) values (746,3,1,0,15,18);
Insert into TRAINDB.SZEK (ID,TIPUS,ASZTAL,ABLAK,KOCSI,SZEK_SZAM) values (747,1,0,1,15,19);
Insert into TRAINDB.SZEK (ID,TIPUS,ASZTAL,ABLAK,KOCSI,SZEK_SZAM) values (748,1,1,0,15,20);
Insert into TRAINDB.SZEK (ID,TIPUS,ASZTAL,ABLAK,KOCSI,SZEK_SZAM) values (749,1,1,1,16,1);
Insert into TRAINDB.SZEK (ID,TIPUS,ASZTAL,ABLAK,KOCSI,SZEK_SZAM) values (750,1,1,1,16,2);
Insert into TRAINDB.SZEK (ID,TIPUS,ASZTAL,ABLAK,KOCSI,SZEK_SZAM) values (751,1,0,0,16,3);
Insert into TRAINDB.SZEK (ID,TIPUS,ASZTAL,ABLAK,KOCSI,SZEK_SZAM) values (752,3,0,0,16,4);
Insert into TRAINDB.SZEK (ID,TIPUS,ASZTAL,ABLAK,KOCSI,SZEK_SZAM) values (753,1,0,1,16,5);
Insert into TRAINDB.SZEK (ID,TIPUS,ASZTAL,ABLAK,KOCSI,SZEK_SZAM) values (754,3,0,0,16,6);
Insert into TRAINDB.SZEK (ID,TIPUS,ASZTAL,ABLAK,KOCSI,SZEK_SZAM) values (755,1,0,0,16,7);
Insert into TRAINDB.SZEK (ID,TIPUS,ASZTAL,ABLAK,KOCSI,SZEK_SZAM) values (756,3,0,1,16,8);
Insert into TRAINDB.SZEK (ID,TIPUS,ASZTAL,ABLAK,KOCSI,SZEK_SZAM) values (757,1,0,0,16,9);
Insert into TRAINDB.SZEK (ID,TIPUS,ASZTAL,ABLAK,KOCSI,SZEK_SZAM) values (758,3,0,0,16,10);
Insert into TRAINDB.SZEK (ID,TIPUS,ASZTAL,ABLAK,KOCSI,SZEK_SZAM) values (759,1,0,0,16,11);
Insert into TRAINDB.SZEK (ID,TIPUS,ASZTAL,ABLAK,KOCSI,SZEK_SZAM) values (760,3,0,0,16,12);
Insert into TRAINDB.SZEK (ID,TIPUS,ASZTAL,ABLAK,KOCSI,SZEK_SZAM) values (761,1,0,1,16,13);
Insert into TRAINDB.SZEK (ID,TIPUS,ASZTAL,ABLAK,KOCSI,SZEK_SZAM) values (762,1,0,0,16,14);
Insert into TRAINDB.SZEK (ID,TIPUS,ASZTAL,ABLAK,KOCSI,SZEK_SZAM) values (763,3,1,0,16,15);
Insert into TRAINDB.SZEK (ID,TIPUS,ASZTAL,ABLAK,KOCSI,SZEK_SZAM) values (764,2,0,0,16,16);
Insert into TRAINDB.SZEK (ID,TIPUS,ASZTAL,ABLAK,KOCSI,SZEK_SZAM) values (765,1,1,0,16,17);
Insert into TRAINDB.SZEK (ID,TIPUS,ASZTAL,ABLAK,KOCSI,SZEK_SZAM) values (766,3,0,0,16,18);
Insert into TRAINDB.SZEK (ID,TIPUS,ASZTAL,ABLAK,KOCSI,SZEK_SZAM) values (767,3,1,0,16,19);
Insert into TRAINDB.SZEK (ID,TIPUS,ASZTAL,ABLAK,KOCSI,SZEK_SZAM) values (768,1,0,0,16,20);
Insert into TRAINDB.SZEK (ID,TIPUS,ASZTAL,ABLAK,KOCSI,SZEK_SZAM) values (769,3,0,0,17,1);
Insert into TRAINDB.SZEK (ID,TIPUS,ASZTAL,ABLAK,KOCSI,SZEK_SZAM) values (770,3,0,0,17,2);
Insert into TRAINDB.SZEK (ID,TIPUS,ASZTAL,ABLAK,KOCSI,SZEK_SZAM) values (771,3,0,0,17,3);
Insert into TRAINDB.SZEK (ID,TIPUS,ASZTAL,ABLAK,KOCSI,SZEK_SZAM) values (772,3,1,1,17,4);
Insert into TRAINDB.SZEK (ID,TIPUS,ASZTAL,ABLAK,KOCSI,SZEK_SZAM) values (773,1,0,0,17,5);
Insert into TRAINDB.SZEK (ID,TIPUS,ASZTAL,ABLAK,KOCSI,SZEK_SZAM) values (774,3,0,0,17,6);
Insert into TRAINDB.SZEK (ID,TIPUS,ASZTAL,ABLAK,KOCSI,SZEK_SZAM) values (775,3,1,1,17,7);
Insert into TRAINDB.SZEK (ID,TIPUS,ASZTAL,ABLAK,KOCSI,SZEK_SZAM) values (776,1,0,1,17,8);
Insert into TRAINDB.SZEK (ID,TIPUS,ASZTAL,ABLAK,KOCSI,SZEK_SZAM) values (777,3,0,0,17,9);
Insert into TRAINDB.SZEK (ID,TIPUS,ASZTAL,ABLAK,KOCSI,SZEK_SZAM) values (778,3,0,0,17,10);
Insert into TRAINDB.SZEK (ID,TIPUS,ASZTAL,ABLAK,KOCSI,SZEK_SZAM) values (779,3,0,0,17,11);
Insert into TRAINDB.SZEK (ID,TIPUS,ASZTAL,ABLAK,KOCSI,SZEK_SZAM) values (780,3,1,0,17,12);
Insert into TRAINDB.SZEK (ID,TIPUS,ASZTAL,ABLAK,KOCSI,SZEK_SZAM) values (781,3,0,0,17,13);
Insert into TRAINDB.SZEK (ID,TIPUS,ASZTAL,ABLAK,KOCSI,SZEK_SZAM) values (782,3,1,1,17,14);
Insert into TRAINDB.SZEK (ID,TIPUS,ASZTAL,ABLAK,KOCSI,SZEK_SZAM) values (783,3,0,0,17,15);
Insert into TRAINDB.SZEK (ID,TIPUS,ASZTAL,ABLAK,KOCSI,SZEK_SZAM) values (784,3,1,0,17,16);
Insert into TRAINDB.SZEK (ID,TIPUS,ASZTAL,ABLAK,KOCSI,SZEK_SZAM) values (785,3,0,1,17,17);
Insert into TRAINDB.SZEK (ID,TIPUS,ASZTAL,ABLAK,KOCSI,SZEK_SZAM) values (786,1,1,0,17,18);
Insert into TRAINDB.SZEK (ID,TIPUS,ASZTAL,ABLAK,KOCSI,SZEK_SZAM) values (787,1,0,1,17,19);
Insert into TRAINDB.SZEK (ID,TIPUS,ASZTAL,ABLAK,KOCSI,SZEK_SZAM) values (788,3,1,1,17,20);
Insert into TRAINDB.SZEK (ID,TIPUS,ASZTAL,ABLAK,KOCSI,SZEK_SZAM) values (789,1,0,1,17,21);
Insert into TRAINDB.SZEK (ID,TIPUS,ASZTAL,ABLAK,KOCSI,SZEK_SZAM) values (790,3,0,0,17,22);
Insert into TRAINDB.SZEK (ID,TIPUS,ASZTAL,ABLAK,KOCSI,SZEK_SZAM) values (791,3,1,0,17,23);
Insert into TRAINDB.SZEK (ID,TIPUS,ASZTAL,ABLAK,KOCSI,SZEK_SZAM) values (792,3,0,0,17,24);
Insert into TRAINDB.SZEK (ID,TIPUS,ASZTAL,ABLAK,KOCSI,SZEK_SZAM) values (793,3,0,0,17,25);
Insert into TRAINDB.SZEK (ID,TIPUS,ASZTAL,ABLAK,KOCSI,SZEK_SZAM) values (794,3,0,1,17,26);
Insert into TRAINDB.SZEK (ID,TIPUS,ASZTAL,ABLAK,KOCSI,SZEK_SZAM) values (795,3,1,0,17,27);
Insert into TRAINDB.SZEK (ID,TIPUS,ASZTAL,ABLAK,KOCSI,SZEK_SZAM) values (796,1,0,0,17,28);
Insert into TRAINDB.SZEK (ID,TIPUS,ASZTAL,ABLAK,KOCSI,SZEK_SZAM) values (797,3,1,0,17,29);
Insert into TRAINDB.SZEK (ID,TIPUS,ASZTAL,ABLAK,KOCSI,SZEK_SZAM) values (798,1,0,1,17,30);
Insert into TRAINDB.SZEK (ID,TIPUS,ASZTAL,ABLAK,KOCSI,SZEK_SZAM) values (799,3,0,0,17,31);
Insert into TRAINDB.SZEK (ID,TIPUS,ASZTAL,ABLAK,KOCSI,SZEK_SZAM) values (800,3,0,0,17,32);
Insert into TRAINDB.SZEK (ID,TIPUS,ASZTAL,ABLAK,KOCSI,SZEK_SZAM) values (801,3,0,1,17,33);
Insert into TRAINDB.SZEK (ID,TIPUS,ASZTAL,ABLAK,KOCSI,SZEK_SZAM) values (802,3,0,1,17,34);
Insert into TRAINDB.SZEK (ID,TIPUS,ASZTAL,ABLAK,KOCSI,SZEK_SZAM) values (803,2,0,1,17,35);
Insert into TRAINDB.SZEK (ID,TIPUS,ASZTAL,ABLAK,KOCSI,SZEK_SZAM) values (804,1,0,0,17,36);
Insert into TRAINDB.SZEK (ID,TIPUS,ASZTAL,ABLAK,KOCSI,SZEK_SZAM) values (805,3,0,0,17,37);
Insert into TRAINDB.SZEK (ID,TIPUS,ASZTAL,ABLAK,KOCSI,SZEK_SZAM) values (806,1,0,1,17,38);
Insert into TRAINDB.SZEK (ID,TIPUS,ASZTAL,ABLAK,KOCSI,SZEK_SZAM) values (807,3,0,0,17,39);
Insert into TRAINDB.SZEK (ID,TIPUS,ASZTAL,ABLAK,KOCSI,SZEK_SZAM) values (808,3,1,0,17,40);
Insert into TRAINDB.SZEK (ID,TIPUS,ASZTAL,ABLAK,KOCSI,SZEK_SZAM) values (809,1,0,1,17,41);
Insert into TRAINDB.SZEK (ID,TIPUS,ASZTAL,ABLAK,KOCSI,SZEK_SZAM) values (810,3,0,1,17,42);
Insert into TRAINDB.SZEK (ID,TIPUS,ASZTAL,ABLAK,KOCSI,SZEK_SZAM) values (811,3,0,0,17,43);
Insert into TRAINDB.SZEK (ID,TIPUS,ASZTAL,ABLAK,KOCSI,SZEK_SZAM) values (812,3,1,1,17,44);
Insert into TRAINDB.SZEK (ID,TIPUS,ASZTAL,ABLAK,KOCSI,SZEK_SZAM) values (813,3,1,1,17,45);
Insert into TRAINDB.SZEK (ID,TIPUS,ASZTAL,ABLAK,KOCSI,SZEK_SZAM) values (814,1,0,1,17,46);
Insert into TRAINDB.SZEK (ID,TIPUS,ASZTAL,ABLAK,KOCSI,SZEK_SZAM) values (815,1,0,0,17,47);
Insert into TRAINDB.SZEK (ID,TIPUS,ASZTAL,ABLAK,KOCSI,SZEK_SZAM) values (816,3,0,0,17,48);
Insert into TRAINDB.SZEK (ID,TIPUS,ASZTAL,ABLAK,KOCSI,SZEK_SZAM) values (817,3,0,0,17,49);
Insert into TRAINDB.SZEK (ID,TIPUS,ASZTAL,ABLAK,KOCSI,SZEK_SZAM) values (818,3,0,1,17,50);
Insert into TRAINDB.SZEK (ID,TIPUS,ASZTAL,ABLAK,KOCSI,SZEK_SZAM) values (819,3,1,1,17,51);
Insert into TRAINDB.SZEK (ID,TIPUS,ASZTAL,ABLAK,KOCSI,SZEK_SZAM) values (820,3,0,0,17,52);
Insert into TRAINDB.SZEK (ID,TIPUS,ASZTAL,ABLAK,KOCSI,SZEK_SZAM) values (821,3,0,0,17,53);
Insert into TRAINDB.SZEK (ID,TIPUS,ASZTAL,ABLAK,KOCSI,SZEK_SZAM) values (822,1,0,1,17,54);
Insert into TRAINDB.SZEK (ID,TIPUS,ASZTAL,ABLAK,KOCSI,SZEK_SZAM) values (823,3,0,0,17,55);
Insert into TRAINDB.SZEK (ID,TIPUS,ASZTAL,ABLAK,KOCSI,SZEK_SZAM) values (824,2,1,0,17,56);
Insert into TRAINDB.SZEK (ID,TIPUS,ASZTAL,ABLAK,KOCSI,SZEK_SZAM) values (825,3,1,1,17,57);
Insert into TRAINDB.SZEK (ID,TIPUS,ASZTAL,ABLAK,KOCSI,SZEK_SZAM) values (826,3,0,0,17,58);
Insert into TRAINDB.SZEK (ID,TIPUS,ASZTAL,ABLAK,KOCSI,SZEK_SZAM) values (827,1,0,0,17,59);
Insert into TRAINDB.SZEK (ID,TIPUS,ASZTAL,ABLAK,KOCSI,SZEK_SZAM) values (828,1,1,1,17,60);
Insert into TRAINDB.SZEK (ID,TIPUS,ASZTAL,ABLAK,KOCSI,SZEK_SZAM) values (829,3,0,1,18,1);
Insert into TRAINDB.SZEK (ID,TIPUS,ASZTAL,ABLAK,KOCSI,SZEK_SZAM) values (830,3,1,1,18,2);
Insert into TRAINDB.SZEK (ID,TIPUS,ASZTAL,ABLAK,KOCSI,SZEK_SZAM) values (831,1,0,1,18,3);
Insert into TRAINDB.SZEK (ID,TIPUS,ASZTAL,ABLAK,KOCSI,SZEK_SZAM) values (832,3,0,1,18,4);
Insert into TRAINDB.SZEK (ID,TIPUS,ASZTAL,ABLAK,KOCSI,SZEK_SZAM) values (833,3,1,0,18,5);
Insert into TRAINDB.SZEK (ID,TIPUS,ASZTAL,ABLAK,KOCSI,SZEK_SZAM) values (834,1,1,1,18,6);
Insert into TRAINDB.SZEK (ID,TIPUS,ASZTAL,ABLAK,KOCSI,SZEK_SZAM) values (835,3,0,0,18,7);
Insert into TRAINDB.SZEK (ID,TIPUS,ASZTAL,ABLAK,KOCSI,SZEK_SZAM) values (836,3,0,1,18,8);
Insert into TRAINDB.SZEK (ID,TIPUS,ASZTAL,ABLAK,KOCSI,SZEK_SZAM) values (837,3,0,1,18,9);
Insert into TRAINDB.SZEK (ID,TIPUS,ASZTAL,ABLAK,KOCSI,SZEK_SZAM) values (838,3,0,0,18,10);
Insert into TRAINDB.SZEK (ID,TIPUS,ASZTAL,ABLAK,KOCSI,SZEK_SZAM) values (839,3,0,0,18,11);
Insert into TRAINDB.SZEK (ID,TIPUS,ASZTAL,ABLAK,KOCSI,SZEK_SZAM) values (840,2,0,0,18,12);
Insert into TRAINDB.SZEK (ID,TIPUS,ASZTAL,ABLAK,KOCSI,SZEK_SZAM) values (841,3,0,0,18,13);
Insert into TRAINDB.SZEK (ID,TIPUS,ASZTAL,ABLAK,KOCSI,SZEK_SZAM) values (842,3,0,0,18,14);
Insert into TRAINDB.SZEK (ID,TIPUS,ASZTAL,ABLAK,KOCSI,SZEK_SZAM) values (843,3,0,0,18,15);
Insert into TRAINDB.SZEK (ID,TIPUS,ASZTAL,ABLAK,KOCSI,SZEK_SZAM) values (844,3,0,0,18,16);
Insert into TRAINDB.SZEK (ID,TIPUS,ASZTAL,ABLAK,KOCSI,SZEK_SZAM) values (845,3,1,1,18,17);
Insert into TRAINDB.SZEK (ID,TIPUS,ASZTAL,ABLAK,KOCSI,SZEK_SZAM) values (846,3,1,1,18,18);
Insert into TRAINDB.SZEK (ID,TIPUS,ASZTAL,ABLAK,KOCSI,SZEK_SZAM) values (847,1,0,1,18,19);
Insert into TRAINDB.SZEK (ID,TIPUS,ASZTAL,ABLAK,KOCSI,SZEK_SZAM) values (848,1,0,0,18,20);
Insert into TRAINDB.SZEK (ID,TIPUS,ASZTAL,ABLAK,KOCSI,SZEK_SZAM) values (849,3,0,0,19,1);
Insert into TRAINDB.SZEK (ID,TIPUS,ASZTAL,ABLAK,KOCSI,SZEK_SZAM) values (850,3,0,0,19,2);
Insert into TRAINDB.SZEK (ID,TIPUS,ASZTAL,ABLAK,KOCSI,SZEK_SZAM) values (851,3,0,0,19,3);
Insert into TRAINDB.SZEK (ID,TIPUS,ASZTAL,ABLAK,KOCSI,SZEK_SZAM) values (852,3,1,0,19,4);
Insert into TRAINDB.SZEK (ID,TIPUS,ASZTAL,ABLAK,KOCSI,SZEK_SZAM) values (853,3,0,0,19,5);
Insert into TRAINDB.SZEK (ID,TIPUS,ASZTAL,ABLAK,KOCSI,SZEK_SZAM) values (854,1,0,0,19,6);
Insert into TRAINDB.SZEK (ID,TIPUS,ASZTAL,ABLAK,KOCSI,SZEK_SZAM) values (855,3,0,0,19,7);
Insert into TRAINDB.SZEK (ID,TIPUS,ASZTAL,ABLAK,KOCSI,SZEK_SZAM) values (856,3,0,1,19,8);
Insert into TRAINDB.SZEK (ID,TIPUS,ASZTAL,ABLAK,KOCSI,SZEK_SZAM) values (857,1,0,0,19,9);
Insert into TRAINDB.SZEK (ID,TIPUS,ASZTAL,ABLAK,KOCSI,SZEK_SZAM) values (858,3,0,1,19,10);
Insert into TRAINDB.SZEK (ID,TIPUS,ASZTAL,ABLAK,KOCSI,SZEK_SZAM) values (859,1,0,1,19,11);
Insert into TRAINDB.SZEK (ID,TIPUS,ASZTAL,ABLAK,KOCSI,SZEK_SZAM) values (860,1,1,0,19,12);
Insert into TRAINDB.SZEK (ID,TIPUS,ASZTAL,ABLAK,KOCSI,SZEK_SZAM) values (861,3,0,0,19,13);
Insert into TRAINDB.SZEK (ID,TIPUS,ASZTAL,ABLAK,KOCSI,SZEK_SZAM) values (862,3,1,0,19,14);
Insert into TRAINDB.SZEK (ID,TIPUS,ASZTAL,ABLAK,KOCSI,SZEK_SZAM) values (863,1,0,1,19,15);
Insert into TRAINDB.SZEK (ID,TIPUS,ASZTAL,ABLAK,KOCSI,SZEK_SZAM) values (864,3,0,0,19,16);
Insert into TRAINDB.SZEK (ID,TIPUS,ASZTAL,ABLAK,KOCSI,SZEK_SZAM) values (865,1,0,0,19,17);
Insert into TRAINDB.SZEK (ID,TIPUS,ASZTAL,ABLAK,KOCSI,SZEK_SZAM) values (866,3,0,0,19,18);
Insert into TRAINDB.SZEK (ID,TIPUS,ASZTAL,ABLAK,KOCSI,SZEK_SZAM) values (867,3,0,1,19,19);
Insert into TRAINDB.SZEK (ID,TIPUS,ASZTAL,ABLAK,KOCSI,SZEK_SZAM) values (868,1,0,0,19,20);
Insert into TRAINDB.SZEK (ID,TIPUS,ASZTAL,ABLAK,KOCSI,SZEK_SZAM) values (869,1,0,0,19,21);
Insert into TRAINDB.SZEK (ID,TIPUS,ASZTAL,ABLAK,KOCSI,SZEK_SZAM) values (870,3,1,1,19,22);
Insert into TRAINDB.SZEK (ID,TIPUS,ASZTAL,ABLAK,KOCSI,SZEK_SZAM) values (871,3,0,0,19,23);
Insert into TRAINDB.SZEK (ID,TIPUS,ASZTAL,ABLAK,KOCSI,SZEK_SZAM) values (872,3,0,0,19,24);
Insert into TRAINDB.SZEK (ID,TIPUS,ASZTAL,ABLAK,KOCSI,SZEK_SZAM) values (873,3,0,0,19,25);
Insert into TRAINDB.SZEK (ID,TIPUS,ASZTAL,ABLAK,KOCSI,SZEK_SZAM) values (874,3,1,1,19,26);
Insert into TRAINDB.SZEK (ID,TIPUS,ASZTAL,ABLAK,KOCSI,SZEK_SZAM) values (875,3,0,0,19,27);
Insert into TRAINDB.SZEK (ID,TIPUS,ASZTAL,ABLAK,KOCSI,SZEK_SZAM) values (876,3,0,0,19,28);
Insert into TRAINDB.SZEK (ID,TIPUS,ASZTAL,ABLAK,KOCSI,SZEK_SZAM) values (877,3,0,0,19,29);
Insert into TRAINDB.SZEK (ID,TIPUS,ASZTAL,ABLAK,KOCSI,SZEK_SZAM) values (878,3,0,0,19,30);
Insert into TRAINDB.SZEK (ID,TIPUS,ASZTAL,ABLAK,KOCSI,SZEK_SZAM) values (879,3,1,0,19,31);
Insert into TRAINDB.SZEK (ID,TIPUS,ASZTAL,ABLAK,KOCSI,SZEK_SZAM) values (880,3,0,1,19,32);
Insert into TRAINDB.SZEK (ID,TIPUS,ASZTAL,ABLAK,KOCSI,SZEK_SZAM) values (881,3,1,1,19,33);
Insert into TRAINDB.SZEK (ID,TIPUS,ASZTAL,ABLAK,KOCSI,SZEK_SZAM) values (882,3,0,1,19,34);
Insert into TRAINDB.SZEK (ID,TIPUS,ASZTAL,ABLAK,KOCSI,SZEK_SZAM) values (883,3,0,0,19,35);
Insert into TRAINDB.SZEK (ID,TIPUS,ASZTAL,ABLAK,KOCSI,SZEK_SZAM) values (884,1,0,1,19,36);
Insert into TRAINDB.SZEK (ID,TIPUS,ASZTAL,ABLAK,KOCSI,SZEK_SZAM) values (885,3,0,1,19,37);
Insert into TRAINDB.SZEK (ID,TIPUS,ASZTAL,ABLAK,KOCSI,SZEK_SZAM) values (886,1,1,1,19,38);
Insert into TRAINDB.SZEK (ID,TIPUS,ASZTAL,ABLAK,KOCSI,SZEK_SZAM) values (887,1,1,1,19,39);
Insert into TRAINDB.SZEK (ID,TIPUS,ASZTAL,ABLAK,KOCSI,SZEK_SZAM) values (888,1,0,1,19,40);
Insert into TRAINDB.SZEK (ID,TIPUS,ASZTAL,ABLAK,KOCSI,SZEK_SZAM) values (889,1,0,0,19,41);
Insert into TRAINDB.SZEK (ID,TIPUS,ASZTAL,ABLAK,KOCSI,SZEK_SZAM) values (890,3,0,0,19,42);
Insert into TRAINDB.SZEK (ID,TIPUS,ASZTAL,ABLAK,KOCSI,SZEK_SZAM) values (891,3,1,1,19,43);
Insert into TRAINDB.SZEK (ID,TIPUS,ASZTAL,ABLAK,KOCSI,SZEK_SZAM) values (892,3,0,0,19,44);
Insert into TRAINDB.SZEK (ID,TIPUS,ASZTAL,ABLAK,KOCSI,SZEK_SZAM) values (893,3,0,0,19,45);
Insert into TRAINDB.SZEK (ID,TIPUS,ASZTAL,ABLAK,KOCSI,SZEK_SZAM) values (894,1,0,0,19,46);
Insert into TRAINDB.SZEK (ID,TIPUS,ASZTAL,ABLAK,KOCSI,SZEK_SZAM) values (895,3,0,0,19,47);
Insert into TRAINDB.SZEK (ID,TIPUS,ASZTAL,ABLAK,KOCSI,SZEK_SZAM) values (896,1,0,0,19,48);
Insert into TRAINDB.SZEK (ID,TIPUS,ASZTAL,ABLAK,KOCSI,SZEK_SZAM) values (897,3,0,0,19,49);
Insert into TRAINDB.SZEK (ID,TIPUS,ASZTAL,ABLAK,KOCSI,SZEK_SZAM) values (898,3,0,0,19,50);
Insert into TRAINDB.SZEK (ID,TIPUS,ASZTAL,ABLAK,KOCSI,SZEK_SZAM) values (899,3,0,1,19,51);
Insert into TRAINDB.SZEK (ID,TIPUS,ASZTAL,ABLAK,KOCSI,SZEK_SZAM) values (900,3,0,1,19,52);
Insert into TRAINDB.SZEK (ID,TIPUS,ASZTAL,ABLAK,KOCSI,SZEK_SZAM) values (901,3,1,0,19,53);
Insert into TRAINDB.SZEK (ID,TIPUS,ASZTAL,ABLAK,KOCSI,SZEK_SZAM) values (902,3,0,0,19,54);
Insert into TRAINDB.SZEK (ID,TIPUS,ASZTAL,ABLAK,KOCSI,SZEK_SZAM) values (903,1,0,0,19,55);
Insert into TRAINDB.SZEK (ID,TIPUS,ASZTAL,ABLAK,KOCSI,SZEK_SZAM) values (904,3,0,1,19,56);
Insert into TRAINDB.SZEK (ID,TIPUS,ASZTAL,ABLAK,KOCSI,SZEK_SZAM) values (905,3,0,1,19,57);
Insert into TRAINDB.SZEK (ID,TIPUS,ASZTAL,ABLAK,KOCSI,SZEK_SZAM) values (906,3,0,0,19,58);
Insert into TRAINDB.SZEK (ID,TIPUS,ASZTAL,ABLAK,KOCSI,SZEK_SZAM) values (907,3,0,0,19,59);
Insert into TRAINDB.SZEK (ID,TIPUS,ASZTAL,ABLAK,KOCSI,SZEK_SZAM) values (908,3,0,0,19,60);
Insert into TRAINDB.SZEK (ID,TIPUS,ASZTAL,ABLAK,KOCSI,SZEK_SZAM) values (909,3,0,0,20,1);
Insert into TRAINDB.SZEK (ID,TIPUS,ASZTAL,ABLAK,KOCSI,SZEK_SZAM) values (910,3,0,1,20,2);
Insert into TRAINDB.SZEK (ID,TIPUS,ASZTAL,ABLAK,KOCSI,SZEK_SZAM) values (911,3,0,0,20,3);
Insert into TRAINDB.SZEK (ID,TIPUS,ASZTAL,ABLAK,KOCSI,SZEK_SZAM) values (912,3,0,1,20,4);
Insert into TRAINDB.SZEK (ID,TIPUS,ASZTAL,ABLAK,KOCSI,SZEK_SZAM) values (913,1,0,1,20,5);
Insert into TRAINDB.SZEK (ID,TIPUS,ASZTAL,ABLAK,KOCSI,SZEK_SZAM) values (914,3,0,1,20,6);
Insert into TRAINDB.SZEK (ID,TIPUS,ASZTAL,ABLAK,KOCSI,SZEK_SZAM) values (915,1,0,0,20,7);
Insert into TRAINDB.SZEK (ID,TIPUS,ASZTAL,ABLAK,KOCSI,SZEK_SZAM) values (916,1,0,1,20,8);
Insert into TRAINDB.SZEK (ID,TIPUS,ASZTAL,ABLAK,KOCSI,SZEK_SZAM) values (917,3,0,1,20,9);
Insert into TRAINDB.SZEK (ID,TIPUS,ASZTAL,ABLAK,KOCSI,SZEK_SZAM) values (918,3,0,1,20,10);
Insert into TRAINDB.SZEK (ID,TIPUS,ASZTAL,ABLAK,KOCSI,SZEK_SZAM) values (919,3,0,0,20,11);
Insert into TRAINDB.SZEK (ID,TIPUS,ASZTAL,ABLAK,KOCSI,SZEK_SZAM) values (920,3,0,1,20,12);
Insert into TRAINDB.SZEK (ID,TIPUS,ASZTAL,ABLAK,KOCSI,SZEK_SZAM) values (921,3,0,0,20,13);
Insert into TRAINDB.SZEK (ID,TIPUS,ASZTAL,ABLAK,KOCSI,SZEK_SZAM) values (922,3,0,0,20,14);
Insert into TRAINDB.SZEK (ID,TIPUS,ASZTAL,ABLAK,KOCSI,SZEK_SZAM) values (923,3,0,1,20,15);
Insert into TRAINDB.SZEK (ID,TIPUS,ASZTAL,ABLAK,KOCSI,SZEK_SZAM) values (924,3,0,1,20,16);
Insert into TRAINDB.SZEK (ID,TIPUS,ASZTAL,ABLAK,KOCSI,SZEK_SZAM) values (925,1,1,1,20,17);
Insert into TRAINDB.SZEK (ID,TIPUS,ASZTAL,ABLAK,KOCSI,SZEK_SZAM) values (926,2,0,1,20,18);
Insert into TRAINDB.SZEK (ID,TIPUS,ASZTAL,ABLAK,KOCSI,SZEK_SZAM) values (927,3,0,0,20,19);
Insert into TRAINDB.SZEK (ID,TIPUS,ASZTAL,ABLAK,KOCSI,SZEK_SZAM) values (928,3,0,0,20,20);
Insert into TRAINDB.SZEK (ID,TIPUS,ASZTAL,ABLAK,KOCSI,SZEK_SZAM) values (929,2,0,0,21,1);
Insert into TRAINDB.SZEK (ID,TIPUS,ASZTAL,ABLAK,KOCSI,SZEK_SZAM) values (930,3,1,0,21,2);
Insert into TRAINDB.SZEK (ID,TIPUS,ASZTAL,ABLAK,KOCSI,SZEK_SZAM) values (931,3,0,1,21,3);
Insert into TRAINDB.SZEK (ID,TIPUS,ASZTAL,ABLAK,KOCSI,SZEK_SZAM) values (932,3,0,0,21,4);
Insert into TRAINDB.SZEK (ID,TIPUS,ASZTAL,ABLAK,KOCSI,SZEK_SZAM) values (933,2,0,0,21,5);
Insert into TRAINDB.SZEK (ID,TIPUS,ASZTAL,ABLAK,KOCSI,SZEK_SZAM) values (934,1,0,0,21,6);
Insert into TRAINDB.SZEK (ID,TIPUS,ASZTAL,ABLAK,KOCSI,SZEK_SZAM) values (935,3,0,0,21,7);
Insert into TRAINDB.SZEK (ID,TIPUS,ASZTAL,ABLAK,KOCSI,SZEK_SZAM) values (936,3,0,1,21,8);
Insert into TRAINDB.SZEK (ID,TIPUS,ASZTAL,ABLAK,KOCSI,SZEK_SZAM) values (937,1,0,1,21,9);
Insert into TRAINDB.SZEK (ID,TIPUS,ASZTAL,ABLAK,KOCSI,SZEK_SZAM) values (938,3,1,1,21,10);
Insert into TRAINDB.SZEK (ID,TIPUS,ASZTAL,ABLAK,KOCSI,SZEK_SZAM) values (939,3,0,1,21,11);
Insert into TRAINDB.SZEK (ID,TIPUS,ASZTAL,ABLAK,KOCSI,SZEK_SZAM) values (940,3,0,0,21,12);
Insert into TRAINDB.SZEK (ID,TIPUS,ASZTAL,ABLAK,KOCSI,SZEK_SZAM) values (941,3,0,1,21,13);
Insert into TRAINDB.SZEK (ID,TIPUS,ASZTAL,ABLAK,KOCSI,SZEK_SZAM) values (942,3,0,0,21,14);
Insert into TRAINDB.SZEK (ID,TIPUS,ASZTAL,ABLAK,KOCSI,SZEK_SZAM) values (943,3,0,1,21,15);
Insert into TRAINDB.SZEK (ID,TIPUS,ASZTAL,ABLAK,KOCSI,SZEK_SZAM) values (944,3,1,0,21,16);
Insert into TRAINDB.SZEK (ID,TIPUS,ASZTAL,ABLAK,KOCSI,SZEK_SZAM) values (945,3,0,0,21,17);
Insert into TRAINDB.SZEK (ID,TIPUS,ASZTAL,ABLAK,KOCSI,SZEK_SZAM) values (946,1,0,0,21,18);
Insert into TRAINDB.SZEK (ID,TIPUS,ASZTAL,ABLAK,KOCSI,SZEK_SZAM) values (947,3,0,1,21,19);
Insert into TRAINDB.SZEK (ID,TIPUS,ASZTAL,ABLAK,KOCSI,SZEK_SZAM) values (948,3,1,1,21,20);
Insert into TRAINDB.SZEK (ID,TIPUS,ASZTAL,ABLAK,KOCSI,SZEK_SZAM) values (949,3,1,0,21,21);
Insert into TRAINDB.SZEK (ID,TIPUS,ASZTAL,ABLAK,KOCSI,SZEK_SZAM) values (950,1,0,1,21,22);
Insert into TRAINDB.SZEK (ID,TIPUS,ASZTAL,ABLAK,KOCSI,SZEK_SZAM) values (951,3,0,0,21,23);
Insert into TRAINDB.SZEK (ID,TIPUS,ASZTAL,ABLAK,KOCSI,SZEK_SZAM) values (952,1,1,1,21,24);
Insert into TRAINDB.SZEK (ID,TIPUS,ASZTAL,ABLAK,KOCSI,SZEK_SZAM) values (953,3,0,1,21,25);
Insert into TRAINDB.SZEK (ID,TIPUS,ASZTAL,ABLAK,KOCSI,SZEK_SZAM) values (954,3,0,1,21,26);
Insert into TRAINDB.SZEK (ID,TIPUS,ASZTAL,ABLAK,KOCSI,SZEK_SZAM) values (955,3,0,1,21,27);
Insert into TRAINDB.SZEK (ID,TIPUS,ASZTAL,ABLAK,KOCSI,SZEK_SZAM) values (956,3,0,1,21,28);
Insert into TRAINDB.SZEK (ID,TIPUS,ASZTAL,ABLAK,KOCSI,SZEK_SZAM) values (957,3,0,1,21,29);
Insert into TRAINDB.SZEK (ID,TIPUS,ASZTAL,ABLAK,KOCSI,SZEK_SZAM) values (958,1,0,0,21,30);
Insert into TRAINDB.SZEK (ID,TIPUS,ASZTAL,ABLAK,KOCSI,SZEK_SZAM) values (959,3,0,0,21,31);
Insert into TRAINDB.SZEK (ID,TIPUS,ASZTAL,ABLAK,KOCSI,SZEK_SZAM) values (960,3,0,0,21,32);
Insert into TRAINDB.SZEK (ID,TIPUS,ASZTAL,ABLAK,KOCSI,SZEK_SZAM) values (961,3,0,0,21,33);
Insert into TRAINDB.SZEK (ID,TIPUS,ASZTAL,ABLAK,KOCSI,SZEK_SZAM) values (962,3,1,0,21,34);
REM INSERTING into TRAINDB.SZERELVENY
SET DEFINE OFF;
Insert into TRAINDB.SZERELVENY (ID,MOZDONY) values (0,1);
Insert into TRAINDB.SZERELVENY (ID,MOZDONY) values (1,1);
Insert into TRAINDB.SZERELVENY (ID,MOZDONY) values (2,1);
Insert into TRAINDB.SZERELVENY (ID,MOZDONY) values (3,1);
Insert into TRAINDB.SZERELVENY (ID,MOZDONY) values (4,0);
Insert into TRAINDB.SZERELVENY (ID,MOZDONY) values (5,0);
Insert into TRAINDB.SZERELVENY (ID,MOZDONY) values (6,0);
Insert into TRAINDB.SZERELVENY (ID,MOZDONY) values (8,1);
Insert into TRAINDB.SZERELVENY (ID,MOZDONY) values (9,2);
Insert into TRAINDB.SZERELVENY (ID,MOZDONY) values (10,3);
Insert into TRAINDB.SZERELVENY (ID,MOZDONY) values (7,10);
Insert into TRAINDB.SZERELVENY (ID,MOZDONY) values (100,10);
Insert into TRAINDB.SZERELVENY (ID,MOZDONY) values (101,11);
Insert into TRAINDB.SZERELVENY (ID,MOZDONY) values (102,12);
Insert into TRAINDB.SZERELVENY (ID,MOZDONY) values (103,13);
Insert into TRAINDB.SZERELVENY (ID,MOZDONY) values (104,14);
Insert into TRAINDB.SZERELVENY (ID,MOZDONY) values (105,15);
Insert into TRAINDB.SZERELVENY (ID,MOZDONY) values (106,16);
Insert into TRAINDB.SZERELVENY (ID,MOZDONY) values (107,17);
Insert into TRAINDB.SZERELVENY (ID,MOZDONY) values (108,18);
Insert into TRAINDB.SZERELVENY (ID,MOZDONY) values (109,19);
Insert into TRAINDB.SZERELVENY (ID,MOZDONY) values (110,10);
Insert into TRAINDB.SZERELVENY (ID,MOZDONY) values (111,11);
Insert into TRAINDB.SZERELVENY (ID,MOZDONY) values (112,12);
Insert into TRAINDB.SZERELVENY (ID,MOZDONY) values (113,13);
Insert into TRAINDB.SZERELVENY (ID,MOZDONY) values (114,14);
Insert into TRAINDB.SZERELVENY (ID,MOZDONY) values (115,15);
Insert into TRAINDB.SZERELVENY (ID,MOZDONY) values (116,16);
Insert into TRAINDB.SZERELVENY (ID,MOZDONY) values (117,17);
Insert into TRAINDB.SZERELVENY (ID,MOZDONY) values (118,18);
Insert into TRAINDB.SZERELVENY (ID,MOZDONY) values (119,19);
Insert into TRAINDB.SZERELVENY (ID,MOZDONY) values (120,10);
Insert into TRAINDB.SZERELVENY (ID,MOZDONY) values (121,11);
Insert into TRAINDB.SZERELVENY (ID,MOZDONY) values (122,12);
Insert into TRAINDB.SZERELVENY (ID,MOZDONY) values (123,13);
Insert into TRAINDB.SZERELVENY (ID,MOZDONY) values (124,14);
Insert into TRAINDB.SZERELVENY (ID,MOZDONY) values (125,15);
Insert into TRAINDB.SZERELVENY (ID,MOZDONY) values (126,16);
Insert into TRAINDB.SZERELVENY (ID,MOZDONY) values (127,17);
Insert into TRAINDB.SZERELVENY (ID,MOZDONY) values (128,18);
Insert into TRAINDB.SZERELVENY (ID,MOZDONY) values (129,19);
REM INSERTING into TRAINDB.SZERELVENY_KOCSIK
SET DEFINE OFF;
Insert into TRAINDB.SZERELVENY_KOCSIK (ID,SZERELVENY,KOCSI) values (0,0,0);
Insert into TRAINDB.SZERELVENY_KOCSIK (ID,SZERELVENY,KOCSI) values (1,0,1);
Insert into TRAINDB.SZERELVENY_KOCSIK (ID,SZERELVENY,KOCSI) values (2,1,2);
Insert into TRAINDB.SZERELVENY_KOCSIK (ID,SZERELVENY,KOCSI) values (3,1,3);
Insert into TRAINDB.SZERELVENY_KOCSIK (ID,SZERELVENY,KOCSI) values (4,100,0);
Insert into TRAINDB.SZERELVENY_KOCSIK (ID,SZERELVENY,KOCSI) values (5,100,1);
Insert into TRAINDB.SZERELVENY_KOCSIK (ID,SZERELVENY,KOCSI) values (6,100,2);
Insert into TRAINDB.SZERELVENY_KOCSIK (ID,SZERELVENY,KOCSI) values (7,101,3);
Insert into TRAINDB.SZERELVENY_KOCSIK (ID,SZERELVENY,KOCSI) values (8,101,4);
Insert into TRAINDB.SZERELVENY_KOCSIK (ID,SZERELVENY,KOCSI) values (9,101,5);
Insert into TRAINDB.SZERELVENY_KOCSIK (ID,SZERELVENY,KOCSI) values (10,101,6);
Insert into TRAINDB.SZERELVENY_KOCSIK (ID,SZERELVENY,KOCSI) values (11,102,7);
Insert into TRAINDB.SZERELVENY_KOCSIK (ID,SZERELVENY,KOCSI) values (12,102,8);
Insert into TRAINDB.SZERELVENY_KOCSIK (ID,SZERELVENY,KOCSI) values (13,103,9);
Insert into TRAINDB.SZERELVENY_KOCSIK (ID,SZERELVENY,KOCSI) values (14,103,10);
Insert into TRAINDB.SZERELVENY_KOCSIK (ID,SZERELVENY,KOCSI) values (15,103,11);
Insert into TRAINDB.SZERELVENY_KOCSIK (ID,SZERELVENY,KOCSI) values (16,104,12);
Insert into TRAINDB.SZERELVENY_KOCSIK (ID,SZERELVENY,KOCSI) values (17,104,13);
Insert into TRAINDB.SZERELVENY_KOCSIK (ID,SZERELVENY,KOCSI) values (18,105,14);
Insert into TRAINDB.SZERELVENY_KOCSIK (ID,SZERELVENY,KOCSI) values (19,105,15);
Insert into TRAINDB.SZERELVENY_KOCSIK (ID,SZERELVENY,KOCSI) values (20,105,16);
Insert into TRAINDB.SZERELVENY_KOCSIK (ID,SZERELVENY,KOCSI) values (21,105,17);
Insert into TRAINDB.SZERELVENY_KOCSIK (ID,SZERELVENY,KOCSI) values (22,106,18);
Insert into TRAINDB.SZERELVENY_KOCSIK (ID,SZERELVENY,KOCSI) values (23,106,19);
Insert into TRAINDB.SZERELVENY_KOCSIK (ID,SZERELVENY,KOCSI) values (24,106,20);
Insert into TRAINDB.SZERELVENY_KOCSIK (ID,SZERELVENY,KOCSI) values (25,106,21);
Insert into TRAINDB.SZERELVENY_KOCSIK (ID,SZERELVENY,KOCSI) values (26,107,22);
Insert into TRAINDB.SZERELVENY_KOCSIK (ID,SZERELVENY,KOCSI) values (27,107,23);
Insert into TRAINDB.SZERELVENY_KOCSIK (ID,SZERELVENY,KOCSI) values (28,107,24);
Insert into TRAINDB.SZERELVENY_KOCSIK (ID,SZERELVENY,KOCSI) values (29,108,25);
Insert into TRAINDB.SZERELVENY_KOCSIK (ID,SZERELVENY,KOCSI) values (30,108,26);
Insert into TRAINDB.SZERELVENY_KOCSIK (ID,SZERELVENY,KOCSI) values (31,108,27);
Insert into TRAINDB.SZERELVENY_KOCSIK (ID,SZERELVENY,KOCSI) values (32,109,28);
Insert into TRAINDB.SZERELVENY_KOCSIK (ID,SZERELVENY,KOCSI) values (33,109,29);
Insert into TRAINDB.SZERELVENY_KOCSIK (ID,SZERELVENY,KOCSI) values (34,110,0);
Insert into TRAINDB.SZERELVENY_KOCSIK (ID,SZERELVENY,KOCSI) values (35,110,1);
Insert into TRAINDB.SZERELVENY_KOCSIK (ID,SZERELVENY,KOCSI) values (36,110,2);
Insert into TRAINDB.SZERELVENY_KOCSIK (ID,SZERELVENY,KOCSI) values (37,111,3);
Insert into TRAINDB.SZERELVENY_KOCSIK (ID,SZERELVENY,KOCSI) values (38,111,4);
Insert into TRAINDB.SZERELVENY_KOCSIK (ID,SZERELVENY,KOCSI) values (39,111,5);
Insert into TRAINDB.SZERELVENY_KOCSIK (ID,SZERELVENY,KOCSI) values (40,111,6);
Insert into TRAINDB.SZERELVENY_KOCSIK (ID,SZERELVENY,KOCSI) values (41,112,7);
Insert into TRAINDB.SZERELVENY_KOCSIK (ID,SZERELVENY,KOCSI) values (42,112,8);
Insert into TRAINDB.SZERELVENY_KOCSIK (ID,SZERELVENY,KOCSI) values (43,113,9);
Insert into TRAINDB.SZERELVENY_KOCSIK (ID,SZERELVENY,KOCSI) values (44,113,10);
Insert into TRAINDB.SZERELVENY_KOCSIK (ID,SZERELVENY,KOCSI) values (45,113,11);
Insert into TRAINDB.SZERELVENY_KOCSIK (ID,SZERELVENY,KOCSI) values (46,114,12);
Insert into TRAINDB.SZERELVENY_KOCSIK (ID,SZERELVENY,KOCSI) values (47,114,13);
Insert into TRAINDB.SZERELVENY_KOCSIK (ID,SZERELVENY,KOCSI) values (48,115,14);
Insert into TRAINDB.SZERELVENY_KOCSIK (ID,SZERELVENY,KOCSI) values (49,115,15);
Insert into TRAINDB.SZERELVENY_KOCSIK (ID,SZERELVENY,KOCSI) values (50,115,16);
Insert into TRAINDB.SZERELVENY_KOCSIK (ID,SZERELVENY,KOCSI) values (51,115,17);
Insert into TRAINDB.SZERELVENY_KOCSIK (ID,SZERELVENY,KOCSI) values (52,116,18);
Insert into TRAINDB.SZERELVENY_KOCSIK (ID,SZERELVENY,KOCSI) values (53,116,19);
Insert into TRAINDB.SZERELVENY_KOCSIK (ID,SZERELVENY,KOCSI) values (54,116,20);
Insert into TRAINDB.SZERELVENY_KOCSIK (ID,SZERELVENY,KOCSI) values (55,116,21);
Insert into TRAINDB.SZERELVENY_KOCSIK (ID,SZERELVENY,KOCSI) values (56,117,22);
Insert into TRAINDB.SZERELVENY_KOCSIK (ID,SZERELVENY,KOCSI) values (57,117,23);
Insert into TRAINDB.SZERELVENY_KOCSIK (ID,SZERELVENY,KOCSI) values (58,117,24);
Insert into TRAINDB.SZERELVENY_KOCSIK (ID,SZERELVENY,KOCSI) values (59,118,25);
Insert into TRAINDB.SZERELVENY_KOCSIK (ID,SZERELVENY,KOCSI) values (60,118,26);
Insert into TRAINDB.SZERELVENY_KOCSIK (ID,SZERELVENY,KOCSI) values (61,118,27);
Insert into TRAINDB.SZERELVENY_KOCSIK (ID,SZERELVENY,KOCSI) values (62,119,28);
Insert into TRAINDB.SZERELVENY_KOCSIK (ID,SZERELVENY,KOCSI) values (63,119,29);
Insert into TRAINDB.SZERELVENY_KOCSIK (ID,SZERELVENY,KOCSI) values (64,120,0);
Insert into TRAINDB.SZERELVENY_KOCSIK (ID,SZERELVENY,KOCSI) values (65,120,1);
Insert into TRAINDB.SZERELVENY_KOCSIK (ID,SZERELVENY,KOCSI) values (66,120,2);
Insert into TRAINDB.SZERELVENY_KOCSIK (ID,SZERELVENY,KOCSI) values (67,121,3);
Insert into TRAINDB.SZERELVENY_KOCSIK (ID,SZERELVENY,KOCSI) values (68,121,4);
Insert into TRAINDB.SZERELVENY_KOCSIK (ID,SZERELVENY,KOCSI) values (69,121,5);
Insert into TRAINDB.SZERELVENY_KOCSIK (ID,SZERELVENY,KOCSI) values (70,121,6);
Insert into TRAINDB.SZERELVENY_KOCSIK (ID,SZERELVENY,KOCSI) values (71,122,7);
Insert into TRAINDB.SZERELVENY_KOCSIK (ID,SZERELVENY,KOCSI) values (72,122,8);
Insert into TRAINDB.SZERELVENY_KOCSIK (ID,SZERELVENY,KOCSI) values (73,123,9);
Insert into TRAINDB.SZERELVENY_KOCSIK (ID,SZERELVENY,KOCSI) values (74,123,10);
Insert into TRAINDB.SZERELVENY_KOCSIK (ID,SZERELVENY,KOCSI) values (75,123,11);
Insert into TRAINDB.SZERELVENY_KOCSIK (ID,SZERELVENY,KOCSI) values (76,124,12);
Insert into TRAINDB.SZERELVENY_KOCSIK (ID,SZERELVENY,KOCSI) values (77,124,13);
Insert into TRAINDB.SZERELVENY_KOCSIK (ID,SZERELVENY,KOCSI) values (78,125,14);
Insert into TRAINDB.SZERELVENY_KOCSIK (ID,SZERELVENY,KOCSI) values (79,125,15);
Insert into TRAINDB.SZERELVENY_KOCSIK (ID,SZERELVENY,KOCSI) values (80,125,16);
Insert into TRAINDB.SZERELVENY_KOCSIK (ID,SZERELVENY,KOCSI) values (81,125,17);
Insert into TRAINDB.SZERELVENY_KOCSIK (ID,SZERELVENY,KOCSI) values (82,126,18);
Insert into TRAINDB.SZERELVENY_KOCSIK (ID,SZERELVENY,KOCSI) values (83,126,19);
Insert into TRAINDB.SZERELVENY_KOCSIK (ID,SZERELVENY,KOCSI) values (84,126,20);
Insert into TRAINDB.SZERELVENY_KOCSIK (ID,SZERELVENY,KOCSI) values (85,126,21);
Insert into TRAINDB.SZERELVENY_KOCSIK (ID,SZERELVENY,KOCSI) values (86,127,22);
Insert into TRAINDB.SZERELVENY_KOCSIK (ID,SZERELVENY,KOCSI) values (87,127,23);
Insert into TRAINDB.SZERELVENY_KOCSIK (ID,SZERELVENY,KOCSI) values (88,127,24);
Insert into TRAINDB.SZERELVENY_KOCSIK (ID,SZERELVENY,KOCSI) values (89,128,25);
Insert into TRAINDB.SZERELVENY_KOCSIK (ID,SZERELVENY,KOCSI) values (90,128,26);
Insert into TRAINDB.SZERELVENY_KOCSIK (ID,SZERELVENY,KOCSI) values (91,128,27);
Insert into TRAINDB.SZERELVENY_KOCSIK (ID,SZERELVENY,KOCSI) values (92,129,28);
Insert into TRAINDB.SZERELVENY_KOCSIK (ID,SZERELVENY,KOCSI) values (93,129,29);
REM INSERTING into TRAINDB.UTAK
SET DEFINE OFF;
Insert into TRAINDB.UTAK (ID,MENETREND,IDO,SZERELVENY) values (3,1,to_date('01-MAY-20','DD-MON-RR'),100);
Insert into TRAINDB.UTAK (ID,MENETREND,IDO,SZERELVENY) values (4,3,to_date('01-MAY-20','DD-MON-RR'),101);
Insert into TRAINDB.UTAK (ID,MENETREND,IDO,SZERELVENY) values (5,5,to_date('01-MAY-20','DD-MON-RR'),102);
Insert into TRAINDB.UTAK (ID,MENETREND,IDO,SZERELVENY) values (6,6,to_date('01-MAY-20','DD-MON-RR'),103);
Insert into TRAINDB.UTAK (ID,MENETREND,IDO,SZERELVENY) values (7,7,to_date('01-MAY-20','DD-MON-RR'),104);
Insert into TRAINDB.UTAK (ID,MENETREND,IDO,SZERELVENY) values (8,8,to_date('02-MAY-20','DD-MON-RR'),105);
Insert into TRAINDB.UTAK (ID,MENETREND,IDO,SZERELVENY) values (9,9,to_date('02-MAY-20','DD-MON-RR'),106);
Insert into TRAINDB.UTAK (ID,MENETREND,IDO,SZERELVENY) values (10,10,to_date('02-MAY-20','DD-MON-RR'),107);
Insert into TRAINDB.UTAK (ID,MENETREND,IDO,SZERELVENY) values (11,1,to_date('02-MAY-20','DD-MON-RR'),100);
Insert into TRAINDB.UTAK (ID,MENETREND,IDO,SZERELVENY) values (12,3,to_date('02-MAY-20','DD-MON-RR'),101);
Insert into TRAINDB.UTAK (ID,MENETREND,IDO,SZERELVENY) values (13,5,to_date('02-MAY-20','DD-MON-RR'),102);
Insert into TRAINDB.UTAK (ID,MENETREND,IDO,SZERELVENY) values (14,6,to_date('02-MAY-20','DD-MON-RR'),103);
Insert into TRAINDB.UTAK (ID,MENETREND,IDO,SZERELVENY) values (15,7,to_date('02-MAY-20','DD-MON-RR'),104);
Insert into TRAINDB.UTAK (ID,MENETREND,IDO,SZERELVENY) values (16,8,to_date('03-MAY-20','DD-MON-RR'),105);
Insert into TRAINDB.UTAK (ID,MENETREND,IDO,SZERELVENY) values (17,9,to_date('03-MAY-20','DD-MON-RR'),106);
Insert into TRAINDB.UTAK (ID,MENETREND,IDO,SZERELVENY) values (18,10,to_date('03-MAY-20','DD-MON-RR'),107);
Insert into TRAINDB.UTAK (ID,MENETREND,IDO,SZERELVENY) values (19,1,to_date('03-MAY-20','DD-MON-RR'),100);
Insert into TRAINDB.UTAK (ID,MENETREND,IDO,SZERELVENY) values (20,3,to_date('03-MAY-20','DD-MON-RR'),101);
Insert into TRAINDB.UTAK (ID,MENETREND,IDO,SZERELVENY) values (21,5,to_date('03-MAY-20','DD-MON-RR'),102);
Insert into TRAINDB.UTAK (ID,MENETREND,IDO,SZERELVENY) values (22,6,to_date('03-MAY-20','DD-MON-RR'),103);
Insert into TRAINDB.UTAK (ID,MENETREND,IDO,SZERELVENY) values (23,7,to_date('03-MAY-20','DD-MON-RR'),104);
Insert into TRAINDB.UTAK (ID,MENETREND,IDO,SZERELVENY) values (24,8,to_date('04-MAY-20','DD-MON-RR'),105);
Insert into TRAINDB.UTAK (ID,MENETREND,IDO,SZERELVENY) values (25,9,to_date('04-MAY-20','DD-MON-RR'),106);
Insert into TRAINDB.UTAK (ID,MENETREND,IDO,SZERELVENY) values (26,10,to_date('04-MAY-20','DD-MON-RR'),107);
Insert into TRAINDB.UTAK (ID,MENETREND,IDO,SZERELVENY) values (27,1,to_date('04-MAY-20','DD-MON-RR'),100);
Insert into TRAINDB.UTAK (ID,MENETREND,IDO,SZERELVENY) values (28,3,to_date('04-MAY-20','DD-MON-RR'),101);
Insert into TRAINDB.UTAK (ID,MENETREND,IDO,SZERELVENY) values (29,5,to_date('04-MAY-20','DD-MON-RR'),102);
Insert into TRAINDB.UTAK (ID,MENETREND,IDO,SZERELVENY) values (30,6,to_date('04-MAY-20','DD-MON-RR'),103);
Insert into TRAINDB.UTAK (ID,MENETREND,IDO,SZERELVENY) values (31,7,to_date('04-MAY-20','DD-MON-RR'),104);
Insert into TRAINDB.UTAK (ID,MENETREND,IDO,SZERELVENY) values (32,8,to_date('05-MAY-20','DD-MON-RR'),105);
Insert into TRAINDB.UTAK (ID,MENETREND,IDO,SZERELVENY) values (33,9,to_date('05-MAY-20','DD-MON-RR'),106);
Insert into TRAINDB.UTAK (ID,MENETREND,IDO,SZERELVENY) values (34,10,to_date('05-MAY-20','DD-MON-RR'),107);
Insert into TRAINDB.UTAK (ID,MENETREND,IDO,SZERELVENY) values (35,1,to_date('05-MAY-20','DD-MON-RR'),100);
Insert into TRAINDB.UTAK (ID,MENETREND,IDO,SZERELVENY) values (36,3,to_date('05-MAY-20','DD-MON-RR'),101);
Insert into TRAINDB.UTAK (ID,MENETREND,IDO,SZERELVENY) values (37,5,to_date('05-MAY-20','DD-MON-RR'),102);
Insert into TRAINDB.UTAK (ID,MENETREND,IDO,SZERELVENY) values (38,6,to_date('05-MAY-20','DD-MON-RR'),103);
Insert into TRAINDB.UTAK (ID,MENETREND,IDO,SZERELVENY) values (39,7,to_date('05-MAY-20','DD-MON-RR'),104);
Insert into TRAINDB.UTAK (ID,MENETREND,IDO,SZERELVENY) values (40,8,to_date('06-MAY-20','DD-MON-RR'),105);
Insert into TRAINDB.UTAK (ID,MENETREND,IDO,SZERELVENY) values (41,9,to_date('06-MAY-20','DD-MON-RR'),106);
Insert into TRAINDB.UTAK (ID,MENETREND,IDO,SZERELVENY) values (42,10,to_date('06-MAY-20','DD-MON-RR'),107);
Insert into TRAINDB.UTAK (ID,MENETREND,IDO,SZERELVENY) values (43,1,to_date('06-MAY-20','DD-MON-RR'),100);
Insert into TRAINDB.UTAK (ID,MENETREND,IDO,SZERELVENY) values (44,3,to_date('06-MAY-20','DD-MON-RR'),101);
Insert into TRAINDB.UTAK (ID,MENETREND,IDO,SZERELVENY) values (45,5,to_date('06-MAY-20','DD-MON-RR'),102);
Insert into TRAINDB.UTAK (ID,MENETREND,IDO,SZERELVENY) values (46,6,to_date('06-MAY-20','DD-MON-RR'),103);
Insert into TRAINDB.UTAK (ID,MENETREND,IDO,SZERELVENY) values (47,7,to_date('06-MAY-20','DD-MON-RR'),104);
Insert into TRAINDB.UTAK (ID,MENETREND,IDO,SZERELVENY) values (48,8,to_date('07-MAY-20','DD-MON-RR'),105);
Insert into TRAINDB.UTAK (ID,MENETREND,IDO,SZERELVENY) values (49,9,to_date('07-MAY-20','DD-MON-RR'),106);
Insert into TRAINDB.UTAK (ID,MENETREND,IDO,SZERELVENY) values (50,10,to_date('07-MAY-20','DD-MON-RR'),107);
Insert into TRAINDB.UTAK (ID,MENETREND,IDO,SZERELVENY) values (51,1,to_date('07-MAY-20','DD-MON-RR'),100);
Insert into TRAINDB.UTAK (ID,MENETREND,IDO,SZERELVENY) values (52,3,to_date('07-MAY-20','DD-MON-RR'),101);
Insert into TRAINDB.UTAK (ID,MENETREND,IDO,SZERELVENY) values (53,5,to_date('07-MAY-20','DD-MON-RR'),102);
Insert into TRAINDB.UTAK (ID,MENETREND,IDO,SZERELVENY) values (54,6,to_date('07-MAY-20','DD-MON-RR'),103);
Insert into TRAINDB.UTAK (ID,MENETREND,IDO,SZERELVENY) values (55,7,to_date('07-MAY-20','DD-MON-RR'),104);
Insert into TRAINDB.UTAK (ID,MENETREND,IDO,SZERELVENY) values (56,8,to_date('08-MAY-20','DD-MON-RR'),105);
Insert into TRAINDB.UTAK (ID,MENETREND,IDO,SZERELVENY) values (57,9,to_date('08-MAY-20','DD-MON-RR'),106);
Insert into TRAINDB.UTAK (ID,MENETREND,IDO,SZERELVENY) values (58,10,to_date('08-MAY-20','DD-MON-RR'),107);
Insert into TRAINDB.UTAK (ID,MENETREND,IDO,SZERELVENY) values (59,1,to_date('08-MAY-20','DD-MON-RR'),100);
Insert into TRAINDB.UTAK (ID,MENETREND,IDO,SZERELVENY) values (60,3,to_date('08-MAY-20','DD-MON-RR'),101);
Insert into TRAINDB.UTAK (ID,MENETREND,IDO,SZERELVENY) values (61,5,to_date('08-MAY-20','DD-MON-RR'),102);
Insert into TRAINDB.UTAK (ID,MENETREND,IDO,SZERELVENY) values (62,6,to_date('08-MAY-20','DD-MON-RR'),103);
Insert into TRAINDB.UTAK (ID,MENETREND,IDO,SZERELVENY) values (63,7,to_date('08-MAY-20','DD-MON-RR'),104);
Insert into TRAINDB.UTAK (ID,MENETREND,IDO,SZERELVENY) values (64,8,to_date('09-MAY-20','DD-MON-RR'),105);
Insert into TRAINDB.UTAK (ID,MENETREND,IDO,SZERELVENY) values (65,9,to_date('09-MAY-20','DD-MON-RR'),106);
Insert into TRAINDB.UTAK (ID,MENETREND,IDO,SZERELVENY) values (66,10,to_date('09-MAY-20','DD-MON-RR'),107);
Insert into TRAINDB.UTAK (ID,MENETREND,IDO,SZERELVENY) values (67,1,to_date('09-MAY-20','DD-MON-RR'),100);
Insert into TRAINDB.UTAK (ID,MENETREND,IDO,SZERELVENY) values (68,3,to_date('09-MAY-20','DD-MON-RR'),101);
Insert into TRAINDB.UTAK (ID,MENETREND,IDO,SZERELVENY) values (69,5,to_date('09-MAY-20','DD-MON-RR'),102);
Insert into TRAINDB.UTAK (ID,MENETREND,IDO,SZERELVENY) values (70,6,to_date('09-MAY-20','DD-MON-RR'),103);
Insert into TRAINDB.UTAK (ID,MENETREND,IDO,SZERELVENY) values (71,7,to_date('09-MAY-20','DD-MON-RR'),104);
Insert into TRAINDB.UTAK (ID,MENETREND,IDO,SZERELVENY) values (72,8,to_date('10-MAY-20','DD-MON-RR'),105);
Insert into TRAINDB.UTAK (ID,MENETREND,IDO,SZERELVENY) values (73,9,to_date('10-MAY-20','DD-MON-RR'),106);
Insert into TRAINDB.UTAK (ID,MENETREND,IDO,SZERELVENY) values (74,10,to_date('10-MAY-20','DD-MON-RR'),107);
Insert into TRAINDB.UTAK (ID,MENETREND,IDO,SZERELVENY) values (75,1,to_date('10-MAY-20','DD-MON-RR'),100);
Insert into TRAINDB.UTAK (ID,MENETREND,IDO,SZERELVENY) values (76,3,to_date('10-MAY-20','DD-MON-RR'),101);
Insert into TRAINDB.UTAK (ID,MENETREND,IDO,SZERELVENY) values (77,5,to_date('10-MAY-20','DD-MON-RR'),102);
Insert into TRAINDB.UTAK (ID,MENETREND,IDO,SZERELVENY) values (78,6,to_date('10-MAY-20','DD-MON-RR'),103);
Insert into TRAINDB.UTAK (ID,MENETREND,IDO,SZERELVENY) values (79,7,to_date('10-MAY-20','DD-MON-RR'),104);
Insert into TRAINDB.UTAK (ID,MENETREND,IDO,SZERELVENY) values (80,8,to_date('11-MAY-20','DD-MON-RR'),105);
Insert into TRAINDB.UTAK (ID,MENETREND,IDO,SZERELVENY) values (81,9,to_date('11-MAY-20','DD-MON-RR'),106);
Insert into TRAINDB.UTAK (ID,MENETREND,IDO,SZERELVENY) values (82,10,to_date('11-MAY-20','DD-MON-RR'),107);
Insert into TRAINDB.UTAK (ID,MENETREND,IDO,SZERELVENY) values (0,0,to_date('10-MAY-20','DD-MON-RR'),4);
Insert into TRAINDB.UTAK (ID,MENETREND,IDO,SZERELVENY) values (1,10,to_date('11-MAY-20','DD-MON-RR'),7);
Insert into TRAINDB.UTAK (ID,MENETREND,IDO,SZERELVENY) values (2,5,to_date('12-MAY-20','DD-MON-RR'),3);
REM INSERTING into TRAINDB.SZERELVENYEK
SET DEFINE OFF;
Insert into TRAINDB.SZERELVENYEK (ID,MOZDONY,NUMBER_OF_CARTS,EXPR1) values (0,1,1,'1');
Insert into TRAINDB.SZERELVENYEK (ID,MOZDONY,NUMBER_OF_CARTS,EXPR1) values (1,1,2,'2; 3');
Insert into TRAINDB.SZERELVENYEK (ID,MOZDONY,NUMBER_OF_CARTS,EXPR1) values (100,10,2,'1; 2');
Insert into TRAINDB.SZERELVENYEK (ID,MOZDONY,NUMBER_OF_CARTS,EXPR1) values (101,11,4,'3; 4; 5; 6');
Insert into TRAINDB.SZERELVENYEK (ID,MOZDONY,NUMBER_OF_CARTS,EXPR1) values (102,12,2,'7; 8');
Insert into TRAINDB.SZERELVENYEK (ID,MOZDONY,NUMBER_OF_CARTS,EXPR1) values (103,13,3,'10; 11; 9');
Insert into TRAINDB.SZERELVENYEK (ID,MOZDONY,NUMBER_OF_CARTS,EXPR1) values (104,14,2,'12; 13');
Insert into TRAINDB.SZERELVENYEK (ID,MOZDONY,NUMBER_OF_CARTS,EXPR1) values (105,15,4,'14; 15; 16; 17');
Insert into TRAINDB.SZERELVENYEK (ID,MOZDONY,NUMBER_OF_CARTS,EXPR1) values (106,16,4,'18; 19; 20; 21');
Insert into TRAINDB.SZERELVENYEK (ID,MOZDONY,NUMBER_OF_CARTS,EXPR1) values (107,17,3,'22; 23; 24');
Insert into TRAINDB.SZERELVENYEK (ID,MOZDONY,NUMBER_OF_CARTS,EXPR1) values (108,18,3,'25; 26; 27');
Insert into TRAINDB.SZERELVENYEK (ID,MOZDONY,NUMBER_OF_CARTS,EXPR1) values (109,19,2,'28; 29');
Insert into TRAINDB.SZERELVENYEK (ID,MOZDONY,NUMBER_OF_CARTS,EXPR1) values (110,10,2,'1; 2');
Insert into TRAINDB.SZERELVENYEK (ID,MOZDONY,NUMBER_OF_CARTS,EXPR1) values (111,11,4,'3; 4; 5; 6');
Insert into TRAINDB.SZERELVENYEK (ID,MOZDONY,NUMBER_OF_CARTS,EXPR1) values (112,12,2,'7; 8');
Insert into TRAINDB.SZERELVENYEK (ID,MOZDONY,NUMBER_OF_CARTS,EXPR1) values (113,13,3,'10; 11; 9');
Insert into TRAINDB.SZERELVENYEK (ID,MOZDONY,NUMBER_OF_CARTS,EXPR1) values (114,14,2,'12; 13');
Insert into TRAINDB.SZERELVENYEK (ID,MOZDONY,NUMBER_OF_CARTS,EXPR1) values (115,15,4,'14; 15; 16; 17');
Insert into TRAINDB.SZERELVENYEK (ID,MOZDONY,NUMBER_OF_CARTS,EXPR1) values (116,16,4,'18; 19; 20; 21');
Insert into TRAINDB.SZERELVENYEK (ID,MOZDONY,NUMBER_OF_CARTS,EXPR1) values (117,17,3,'22; 23; 24');
Insert into TRAINDB.SZERELVENYEK (ID,MOZDONY,NUMBER_OF_CARTS,EXPR1) values (118,18,3,'25; 26; 27');
Insert into TRAINDB.SZERELVENYEK (ID,MOZDONY,NUMBER_OF_CARTS,EXPR1) values (119,19,2,'28; 29');
Insert into TRAINDB.SZERELVENYEK (ID,MOZDONY,NUMBER_OF_CARTS,EXPR1) values (120,10,2,'1; 2');
Insert into TRAINDB.SZERELVENYEK (ID,MOZDONY,NUMBER_OF_CARTS,EXPR1) values (121,11,4,'3; 4; 5; 6');
Insert into TRAINDB.SZERELVENYEK (ID,MOZDONY,NUMBER_OF_CARTS,EXPR1) values (122,12,2,'7; 8');
Insert into TRAINDB.SZERELVENYEK (ID,MOZDONY,NUMBER_OF_CARTS,EXPR1) values (123,13,3,'10; 11; 9');
Insert into TRAINDB.SZERELVENYEK (ID,MOZDONY,NUMBER_OF_CARTS,EXPR1) values (124,14,2,'12; 13');
Insert into TRAINDB.SZERELVENYEK (ID,MOZDONY,NUMBER_OF_CARTS,EXPR1) values (125,15,4,'14; 15; 16; 17');
Insert into TRAINDB.SZERELVENYEK (ID,MOZDONY,NUMBER_OF_CARTS,EXPR1) values (126,16,4,'18; 19; 20; 21');
Insert into TRAINDB.SZERELVENYEK (ID,MOZDONY,NUMBER_OF_CARTS,EXPR1) values (127,17,3,'22; 23; 24');
Insert into TRAINDB.SZERELVENYEK (ID,MOZDONY,NUMBER_OF_CARTS,EXPR1) values (128,18,3,'25; 26; 27');
Insert into TRAINDB.SZERELVENYEK (ID,MOZDONY,NUMBER_OF_CARTS,EXPR1) values (129,19,2,'28; 29');
REM INSERTING into TRAINDB.TRAINS
SET DEFINE OFF;
--------------------------------------------------------
--  DDL for Index ALLOMAS_DOLGOZO_ID
--------------------------------------------------------

  CREATE UNIQUE INDEX "TRAINDB"."ALLOMAS_DOLGOZO_ID" ON "TRAINDB"."ALLOMAS_DOLGOZO" ("ID") 
  PCTFREE 10 INITRANS 2 MAXTRANS 255 COMPUTE STATISTICS 
  STORAGE(INITIAL 65536 NEXT 1048576 MINEXTENTS 1 MAXEXTENTS 2147483645
  PCTINCREASE 0 FREELISTS 1 FREELIST GROUPS 1
  BUFFER_POOL DEFAULT FLASH_CACHE DEFAULT CELL_FLASH_CACHE DEFAULT)
  TABLESPACE "USERS" ;
--------------------------------------------------------
--  DDL for Index ALLOMAS_ID
--------------------------------------------------------

  CREATE UNIQUE INDEX "TRAINDB"."ALLOMAS_ID" ON "TRAINDB"."ALLOMAS" ("ID") 
  PCTFREE 10 INITRANS 2 MAXTRANS 255 COMPUTE STATISTICS 
  STORAGE(INITIAL 65536 NEXT 1048576 MINEXTENTS 1 MAXEXTENTS 2147483645
  PCTINCREASE 0 FREELISTS 1 FREELIST GROUPS 1
  BUFFER_POOL DEFAULT FLASH_CACHE DEFAULT CELL_FLASH_CACHE DEFAULT)
  TABLESPACE "USERS" ;
--------------------------------------------------------
--  DDL for Index DOLGOZOTT_ORAK_PK
--------------------------------------------------------

  CREATE UNIQUE INDEX "TRAINDB"."DOLGOZOTT_ORAK_PK" ON "TRAINDB"."DOLGOZOTT_ORAK" ("ID") 
  PCTFREE 10 INITRANS 2 MAXTRANS 255 COMPUTE STATISTICS 
  STORAGE(INITIAL 65536 NEXT 1048576 MINEXTENTS 1 MAXEXTENTS 2147483645
  PCTINCREASE 0 FREELISTS 1 FREELIST GROUPS 1
  BUFFER_POOL DEFAULT FLASH_CACHE DEFAULT CELL_FLASH_CACHE DEFAULT)
  TABLESPACE "USERS" ;
--------------------------------------------------------
--  DDL for Index DOLGOZO_ID
--------------------------------------------------------

  CREATE UNIQUE INDEX "TRAINDB"."DOLGOZO_ID" ON "TRAINDB"."DOLGOZO" ("ID") 
  PCTFREE 10 INITRANS 2 MAXTRANS 255 COMPUTE STATISTICS 
  STORAGE(INITIAL 65536 NEXT 1048576 MINEXTENTS 1 MAXEXTENTS 2147483645
  PCTINCREASE 0 FREELISTS 1 FREELIST GROUPS 1
  BUFFER_POOL DEFAULT FLASH_CACHE DEFAULT CELL_FLASH_CACHE DEFAULT)
  TABLESPACE "USERS" ;
--------------------------------------------------------
--  DDL for Index FIZETES_PK
--------------------------------------------------------

  CREATE UNIQUE INDEX "TRAINDB"."FIZETES_PK" ON "TRAINDB"."FIZETES" ("ID") 
  PCTFREE 10 INITRANS 2 MAXTRANS 255 COMPUTE STATISTICS 
  STORAGE(INITIAL 65536 NEXT 1048576 MINEXTENTS 1 MAXEXTENTS 2147483645
  PCTINCREASE 0 FREELISTS 1 FREELIST GROUPS 1
  BUFFER_POOL DEFAULT FLASH_CACHE DEFAULT CELL_FLASH_CACHE DEFAULT)
  TABLESPACE "USERS" ;
--------------------------------------------------------
--  DDL for Index JEGY_ID
--------------------------------------------------------

  CREATE UNIQUE INDEX "TRAINDB"."JEGY_ID" ON "TRAINDB"."JEGY" ("ID") 
  PCTFREE 10 INITRANS 2 MAXTRANS 255 COMPUTE STATISTICS 
  STORAGE(INITIAL 65536 NEXT 1048576 MINEXTENTS 1 MAXEXTENTS 2147483645
  PCTINCREASE 0 FREELISTS 1 FREELIST GROUPS 1
  BUFFER_POOL DEFAULT FLASH_CACHE DEFAULT CELL_FLASH_CACHE DEFAULT)
  TABLESPACE "USERS" ;
--------------------------------------------------------
--  DDL for Index KALAUZ_ID
--------------------------------------------------------

  CREATE UNIQUE INDEX "TRAINDB"."KALAUZ_ID" ON "TRAINDB"."KALAUZ" ("ID") 
  PCTFREE 10 INITRANS 2 MAXTRANS 255 COMPUTE STATISTICS 
  STORAGE(INITIAL 65536 NEXT 1048576 MINEXTENTS 1 MAXEXTENTS 2147483645
  PCTINCREASE 0 FREELISTS 1 FREELIST GROUPS 1
  BUFFER_POOL DEFAULT FLASH_CACHE DEFAULT CELL_FLASH_CACHE DEFAULT)
  TABLESPACE "USERS" ;
--------------------------------------------------------
--  DDL for Index KOCSI_ID
--------------------------------------------------------

  CREATE UNIQUE INDEX "TRAINDB"."KOCSI_ID" ON "TRAINDB"."KOCSI" ("ID") 
  PCTFREE 10 INITRANS 2 MAXTRANS 255 COMPUTE STATISTICS 
  STORAGE(INITIAL 65536 NEXT 1048576 MINEXTENTS 1 MAXEXTENTS 2147483645
  PCTINCREASE 0 FREELISTS 1 FREELIST GROUPS 1
  BUFFER_POOL DEFAULT FLASH_CACHE DEFAULT CELL_FLASH_CACHE DEFAULT)
  TABLESPACE "USERS" ;
--------------------------------------------------------
--  DDL for Index MEGALLO_ID
--------------------------------------------------------

  CREATE UNIQUE INDEX "TRAINDB"."MEGALLO_ID" ON "TRAINDB"."MEGALLO" ("ID") 
  PCTFREE 10 INITRANS 2 MAXTRANS 255 COMPUTE STATISTICS 
  STORAGE(INITIAL 65536 NEXT 1048576 MINEXTENTS 1 MAXEXTENTS 2147483645
  PCTINCREASE 0 FREELISTS 1 FREELIST GROUPS 1
  BUFFER_POOL DEFAULT FLASH_CACHE DEFAULT CELL_FLASH_CACHE DEFAULT)
  TABLESPACE "USERS" ;
--------------------------------------------------------
--  DDL for Index MEGALLO_UK1
--------------------------------------------------------

  CREATE UNIQUE INDEX "TRAINDB"."MEGALLO_UK1" ON "TRAINDB"."MEGALLO" ("MENETREND_ID", "ALLOMAS") 
  PCTFREE 10 INITRANS 2 MAXTRANS 255 COMPUTE STATISTICS 
  STORAGE(INITIAL 65536 NEXT 1048576 MINEXTENTS 1 MAXEXTENTS 2147483645
  PCTINCREASE 0 FREELISTS 1 FREELIST GROUPS 1
  BUFFER_POOL DEFAULT FLASH_CACHE DEFAULT CELL_FLASH_CACHE DEFAULT)
  TABLESPACE "USERS" ;
--------------------------------------------------------
--  DDL for Index MENETREND_ID
--------------------------------------------------------

  CREATE UNIQUE INDEX "TRAINDB"."MENETREND_ID" ON "TRAINDB"."MENETREND" ("ID") 
  PCTFREE 10 INITRANS 2 MAXTRANS 255 COMPUTE STATISTICS 
  STORAGE(INITIAL 65536 NEXT 1048576 MINEXTENTS 1 MAXEXTENTS 2147483645
  PCTINCREASE 0 FREELISTS 1 FREELIST GROUPS 1
  BUFFER_POOL DEFAULT FLASH_CACHE DEFAULT CELL_FLASH_CACHE DEFAULT)
  TABLESPACE "USERS" ;
--------------------------------------------------------
--  DDL for Index MOZDONY_ID
--------------------------------------------------------

  CREATE UNIQUE INDEX "TRAINDB"."MOZDONY_ID" ON "TRAINDB"."MOZDONY" ("ID") 
  PCTFREE 10 INITRANS 2 MAXTRANS 255 COMPUTE STATISTICS 
  STORAGE(INITIAL 65536 NEXT 1048576 MINEXTENTS 1 MAXEXTENTS 2147483645
  PCTINCREASE 0 FREELISTS 1 FREELIST GROUPS 1
  BUFFER_POOL DEFAULT FLASH_CACHE DEFAULT CELL_FLASH_CACHE DEFAULT)
  TABLESPACE "USERS" ;
--------------------------------------------------------
--  DDL for Index SYS_C009902
--------------------------------------------------------

  CREATE UNIQUE INDEX "TRAINDB"."SYS_C009902" ON "TRAINDB"."FELHASZNALO" ("FELHASZNALONEV") 
  PCTFREE 10 INITRANS 2 MAXTRANS 255 COMPUTE STATISTICS 
  STORAGE(INITIAL 65536 NEXT 1048576 MINEXTENTS 1 MAXEXTENTS 2147483645
  PCTINCREASE 0 FREELISTS 1 FREELIST GROUPS 1
  BUFFER_POOL DEFAULT FLASH_CACHE DEFAULT CELL_FLASH_CACHE DEFAULT)
  TABLESPACE "USERS" ;
--------------------------------------------------------
--  DDL for Index SZABADSAG_ID
--------------------------------------------------------

  CREATE UNIQUE INDEX "TRAINDB"."SZABADSAG_ID" ON "TRAINDB"."SZABADSAG" ("ID") 
  PCTFREE 10 INITRANS 2 MAXTRANS 255 COMPUTE STATISTICS 
  STORAGE(INITIAL 65536 NEXT 1048576 MINEXTENTS 1 MAXEXTENTS 2147483645
  PCTINCREASE 0 FREELISTS 1 FREELIST GROUPS 1
  BUFFER_POOL DEFAULT FLASH_CACHE DEFAULT CELL_FLASH_CACHE DEFAULT)
  TABLESPACE "USERS" ;
--------------------------------------------------------
--  DDL for Index SZEK_ID
--------------------------------------------------------

  CREATE UNIQUE INDEX "TRAINDB"."SZEK_ID" ON "TRAINDB"."SZEK" ("ID") 
  PCTFREE 10 INITRANS 2 MAXTRANS 255 COMPUTE STATISTICS 
  STORAGE(INITIAL 65536 NEXT 1048576 MINEXTENTS 1 MAXEXTENTS 2147483645
  PCTINCREASE 0 FREELISTS 1 FREELIST GROUPS 1
  BUFFER_POOL DEFAULT FLASH_CACHE DEFAULT CELL_FLASH_CACHE DEFAULT)
  TABLESPACE "USERS" ;
--------------------------------------------------------
--  DDL for Index SZERELVENY_ID
--------------------------------------------------------

  CREATE UNIQUE INDEX "TRAINDB"."SZERELVENY_ID" ON "TRAINDB"."SZERELVENY" ("ID") 
  PCTFREE 10 INITRANS 2 MAXTRANS 255 COMPUTE STATISTICS 
  STORAGE(INITIAL 65536 NEXT 1048576 MINEXTENTS 1 MAXEXTENTS 2147483645
  PCTINCREASE 0 FREELISTS 1 FREELIST GROUPS 1
  BUFFER_POOL DEFAULT FLASH_CACHE DEFAULT CELL_FLASH_CACHE DEFAULT)
  TABLESPACE "USERS" ;
--------------------------------------------------------
--  DDL for Index SZERELVENY_KOCSIK_ID
--------------------------------------------------------

  CREATE UNIQUE INDEX "TRAINDB"."SZERELVENY_KOCSIK_ID" ON "TRAINDB"."SZERELVENY_KOCSIK" ("ID") 
  PCTFREE 10 INITRANS 2 MAXTRANS 255 COMPUTE STATISTICS 
  STORAGE(INITIAL 65536 NEXT 1048576 MINEXTENTS 1 MAXEXTENTS 2147483645
  PCTINCREASE 0 FREELISTS 1 FREELIST GROUPS 1
  BUFFER_POOL DEFAULT FLASH_CACHE DEFAULT CELL_FLASH_CACHE DEFAULT)
  TABLESPACE "USERS" ;
--------------------------------------------------------
--  DDL for Index UTAK_ID
--------------------------------------------------------

  CREATE UNIQUE INDEX "TRAINDB"."UTAK_ID" ON "TRAINDB"."UTAK" ("ID") 
  PCTFREE 10 INITRANS 2 MAXTRANS 255 COMPUTE STATISTICS 
  STORAGE(INITIAL 65536 NEXT 1048576 MINEXTENTS 1 MAXEXTENTS 2147483645
  PCTINCREASE 0 FREELISTS 1 FREELIST GROUPS 1
  BUFFER_POOL DEFAULT FLASH_CACHE DEFAULT CELL_FLASH_CACHE DEFAULT)
  TABLESPACE "USERS" ;
--------------------------------------------------------
--  DDL for Trigger JEGY_KOCSI_FORM_SZEK
--------------------------------------------------------

  CREATE OR REPLACE EDITIONABLE TRIGGER "TRAINDB"."JEGY_KOCSI_FORM_SZEK" 
BEFORE INSERT ON TRAINDB.JEGY FOR EACH ROW
BEGIN
  :NEW.KOCSI := GET_CAR_NUMBER_FROM_SEAT(:NEW.SZEK);
END;
/
ALTER TRIGGER "TRAINDB"."JEGY_KOCSI_FORM_SZEK" ENABLE;
--------------------------------------------------------
--  DDL for Trigger PAYMENT_FROM_HOURS
--------------------------------------------------------

  CREATE OR REPLACE EDITIONABLE TRIGGER "TRAINDB"."PAYMENT_FROM_HOURS" 
AFTER INSERT OR UPDATE ON TRAINDB.DOLGOZOTT_ORAK FOR EACH ROW
BEGIN

  IF NOT EXISTS (SELECT * FROM FIZETES WHERE FIZETES.DATUM MONTH = :NEW.DATUM MONTH ) THEN
    INSERT INTO FIZETES (DOLGOZO, FIZETES, DATUM)
           VALUES (:NEW.DOLOZO,
                  GET_WORKER_WAGE_IN_MONTH(:NEW.DOLGOZO,EXTRACT(MONTH FROM :NEW.DATUM)),
                  trunc(:NEW.DATUM,'MM'));
  ELSE
    

  END IF;

END;

/
ALTER TRIGGER "TRAINDB"."PAYMENT_FROM_HOURS" ENABLE;
--------------------------------------------------------
--  DDL for Trigger SZEK_KOCSI
--------------------------------------------------------

  CREATE OR REPLACE EDITIONABLE TRIGGER "TRAINDB"."SZEK_KOCSI" 
before update or delete or insert
on szek
for each row
declare
    v_ferohely number;
    v_kocsiId number;
begin

    IF INSERTING THEN
        v_kocsiId := :NEW.kocsi;  
    ELSIF UPDATING THEN
        v_kocsiId := :NEW.kocsi; 
    ELSIF DELETING THEN
        v_kocsiId := :OLD.kocsi; 
    END IF;

    select count(*) into v_ferohely from szek where v_kocsiId = szek.kocsi;
    update kocsi set kocsi.ferohely = v_ferohely where kocsi.id = v_kocsiId;   

exception 
    WHEN no_data_found THEN 
      dbms_output.put_line('No such kocsi!'); 
   WHEN others THEN 
      dbms_output.put_line('Error!'); 
end;
/
ALTER TRIGGER "TRAINDB"."SZEK_KOCSI" ENABLE;
--------------------------------------------------------
--  DDL for Procedure DOLGOZO_LEKER
--------------------------------------------------------
set define off;

  CREATE OR REPLACE EDITIONABLE PROCEDURE "TRAINDB"."DOLGOZO_LEKER" AS
select teljes_nev, szuletesi_datum, lakcim, adoszam, beosztas, oraber
from traindb.felhasznalo
FULL OUTER join dolgozo 
on felhasznalo.felhasznalonev = dolgozo.felhasznalonev
where dolgozo.id = 19
GO;

/
--------------------------------------------------------
--  DDL for Procedure GRANT_TRAIN_USERS
--------------------------------------------------------
set define off;

  CREATE OR REPLACE EDITIONABLE PROCEDURE "TRAINDB"."GRANT_TRAIN_USERS" AS 
BEGIN
  ALTER USER "TRAINDB" GRANT CONNECT THROUGH "VLUV99";
  ALTER USER "TRAINDB" GRANT CONNECT THROUGH "HANNA";
  ALTER USER "TRAINDB" GRANT CONNECT THROUGH "PETRA";
END GRANT_TRAIN_USERS;

/
--------------------------------------------------------
--  DDL for Procedure TEST
--------------------------------------------------------
set define off;

  CREATE OR REPLACE EDITIONABLE PROCEDURE "TRAINDB"."TEST" IS
BEGIN
    SELECT *
      FROM TRAINDB.menetrend;
END;

/
--------------------------------------------------------
--  DDL for Procedure TRAINSEARCH
--------------------------------------------------------
set define off;

  CREATE OR REPLACE EDITIONABLE PROCEDURE "TRAINDB"."TRAINSEARCH" IS
BEGIN
SELECT
    traindb.menetrend.id    AS id, 
    traindb.menetrend.nev   AS nev,
    start_station.neve      AS start_station_name,
    start_station.time,
    end_station.neve        AS end_station_name,
    end_station.time        AS travell_time
FROM
    traindb.menetrend,
    (
        SELECT
            traindb.allomas.neve,
            traindb.megallo.menetrend_id,
            traindb.megallo.time
        FROM
            traindb.megallo,
            traindb.allomas
        WHERE
                traindb.megallo.allomas = traindb.allomas.id
            AND traindb.allomas.neve = 'Kecskemét'
    )                                             start_station,
    (
        SELECT
            traindb.allomas.neve,
            traindb.megallo.menetrend_id,
            traindb.megallo.time
        FROM
            traindb.megallo,
            traindb.allomas
        WHERE
                traindb.megallo.allomas = traindb.allomas.id
            AND traindb.allomas.neve = 'Budapest-Nyugati'
    )                                   end_station
WHERE
        traindb.menetrend.id = start_station.menetrend_id
    AND traindb.menetrend.id = end_station.menetrend_id
    AND end_station.time > start_station.time
END;

/
--------------------------------------------------------
--  DDL for Function GET_CAR_NUMBER_FROM_SEAT
--------------------------------------------------------

  CREATE OR REPLACE EDITIONABLE FUNCTION "TRAINDB"."GET_CAR_NUMBER_FROM_SEAT" (seat_id IN NUMBER)
  RETURN NUMBER
IS
  v_number NUMBER;
BEGIN
  SELECT KOCSI.ID
  INTO v_number
  FROM SZEK
    INNER JOIN KOCSI
      ON SZEK.KOCSI = KOCSI.ID
  WHERE SZEK.ID = seat_id;
  
RETURN v_number;
END;

/
--------------------------------------------------------
--  DDL for Function FIND_FREE_SEAT
--------------------------------------------------------

  CREATE OR REPLACE EDITIONABLE FUNCTION "TRAINDB"."FIND_FREE_SEAT" (UT_ID IN NUMBER)
  RETURN NUMBER
IS
  
  v_free_seat NUMBER;

BEGIN

SELECT
     FREE_SEATS.ID
INTO V_FREE_SEAT
FROM UTAK
  INNER JOIN SZERELVENY
    ON UTAK.SZERELVENY = SZERELVENY.ID
  INNER JOIN SZERELVENY_KOCSIK
    ON SZERELVENY_KOCSIK.SZERELVENY = SZERELVENY.ID
  INNER JOIN KOCSI
    ON SZERELVENY_KOCSIK.KOCSI = KOCSI.ID
  INNER JOIN 
      (
        SELECT SZEK.ID,
               SZEK.TIPUS,
               SZEK.ASZTAL,
               SZEK.ABLAK,
               SZEK.KOCSI,
               SZEK.SZEK_SZAM
        FROM SZEK
        WHERE 
          SZEK.ID NOT IN (
            SELECT JEGY.SZEK
            FROM JEGY
            WHERE UT = UT_ID
          )
        ORDER BY SZEK.KOCSI,
                 SZEK.SZEK_SZAM
        
      ) FREE_SEATS
    ON KOCSI.ID = FREE_SEATS.KOCSI
WHERE UTAK.ID = UT_ID
FETCH FIRST 1 ROW ONLY;

RETURN V_FREE_SEAT;
END;

/
--------------------------------------------------------
--  DDL for Function GET_WORKER_WAGE_IN_MONTH
--------------------------------------------------------

  CREATE OR REPLACE EDITIONABLE FUNCTION "TRAINDB"."GET_WORKER_WAGE_IN_MONTH" (worker_id IN NUMBER, month_num IN NUMBER)
  RETURN NUMBER
AS
  v_hours NUMBER := 0;
  v_wage NUMBER := 0;
BEGIN
  SELECT "d".ORABER INTO V_WAGE FROM DOLGOZO "d" WHERE "d".ID = WORKER_ID;


  SELECT 
    SUM(d.ORAK_SZAMA) 
  INTO V_HOURS
  FROM DOLGOZOTT_ORAK d 
  WHERE d.DOLGOZO = WORKER_ID
      AND EXTRACT(MONTH FROM D.DATUM) = MONTH_NUM;

  
RETURN V_HOURS * V_WAGE;
END;

/
--------------------------------------------------------
--  DDL for Function ISDOLGOZO
--------------------------------------------------------

  CREATE OR REPLACE EDITIONABLE FUNCTION "TRAINDB"."ISDOLGOZO" (usrname felhasznalo.felhasznalonev%type) 
RETURN BOOLEAN IS
    v_is_dolgozo BOOLEAN;


BEGIN
    SELECT COUNT(*) into how_many from dolgozo, felhasznalo where dolgozo.felhasznalonev = felhasznalo.felhasznalonev AND felhasznalo.felhasznalonev = 'usrname';
    IF how_many = 0 then
        v_is_dolgozo := false;
        return v_is_dolgozo;
    ELSE
        v_is_dolgozo := true;
        return v_is_dolgozo;
    END IF;
END;

/
--------------------------------------------------------
--  DDL for Function MENETREND_ON_DAY
--------------------------------------------------------

  CREATE OR REPLACE EDITIONABLE FUNCTION "TRAINDB"."MENETREND_ON_DAY" 
( tipus IN NUMBER 
, NAP IN NUMBER 
, ON_DAY IN DATE 
) RETURN NUMBER AS 

    week_day CHAR := TO_CHAR(on_day,'D')-1;
    res NUMBER := 0;
BEGIN
    IF tipus = 2 AND week_day = TO_CHAR(NAP) THEN
        res := 1;
    ELSIF tipus = 1 THEN
        res := 1;
    END IF;
    

  RETURN res;
END MENETREND_ON_DAY;

/
--------------------------------------------------------
--  DDL for Function RES_TEST
--------------------------------------------------------

  CREATE OR REPLACE EDITIONABLE FUNCTION "TRAINDB"."RES_TEST" (start_name IN varchar2, end_name IN varchar2, day DATE) return TRIP_TABLE IS
    results TRIP_TABLE;
BEGIN
    SELECT
        TRIP(
            traindb.menetrend.id,
            traindb.menetrend.nev,
            start_station.neve,
            end_station.neve,
            TRAINDB.tochards(traindb.menetrend.INDUL, 'HHH:MM'),
            TRAINDB.tochards((start_station.time + traindb.menetrend.INDUL), 'HHH:MM'),
            TRAINDB.tochards(end_station.time + traindb.menetrend.INDUL, 'HHH:MM'),
            TRAINDB.tochards(end_station.time - start_station.time, 'HHH:MM'),
            COUNT(ut.id)
        )
    BULK collect INTO results
    FROM
        traindb.menetrend,
        (
            SELECT
                traindb.allomas.neve,
                traindb.megallo.menetrend_id,
                traindb.megallo.time
            FROM
                traindb.megallo,
                traindb.allomas
            WHERE
                    traindb.megallo.allomas = traindb.allomas.id
                AND traindb.allomas.neve = start_name
        )                                             start_station,
        (
            SELECT
                traindb.allomas.neve,
                traindb.megallo.menetrend_id,
                traindb.megallo.time
            FROM
                traindb.megallo,
                traindb.allomas
            WHERE
                    traindb.megallo.allomas = traindb.allomas.id
                AND traindb.allomas.neve = end_name
        )                                   end_station,
        (
            SELECT
                *
            FROM
                traindb.utak
            WHERE
                traindb.utak.ido LIKE day
        ) ut
    WHERE
        traindb.menetrend.id = start_station.menetrend_id
        AND traindb.menetrend.id = end_station.menetrend_id
        AND end_station.time > start_station.time
        AND traindb.menetrend.id = ut.menetrend (+)
        AND MENETREND_ON_DAY(ISMETLODES_TIPUSA,MENETREND.HET_NAPJA,day) = 1
    GROUP BY
        traindb.menetrend.id,
        traindb.menetrend.nev,
        start_station.neve,
        end_station.neve,
        traindb.menetrend.INDUL,
        start_station.time + traindb.menetrend.INDUL,
        end_station.time + traindb.menetrend.INDUL,
        end_station.time - start_station.time;
        
RETURN results;
END;

/
--------------------------------------------------------
--  DDL for Function TOCHARDS
--------------------------------------------------------

  CREATE OR REPLACE EDITIONABLE FUNCTION "TRAINDB"."TOCHARDS" (f_int interval day to second,f_fmt varchar2) return varchar2 is
-- valid formats are DDD, HHH, HH, MMM, MM, SSS, SS, FF
ret varchar2(4000);
f varchar2(4000);
i interval day(9) to second(9);
begin
if (f_fmt is null or f_int is null) then
return null;
end if;
f := upper(f_fmt);
if (translate(f,'XDHMSF,.:;/- ','X') is not null) then
raise_application_error(-20001,'Invalid format');
end if;
if (extract(day from i)<0) then
ret:='-';
i:=f_int*(-1);
else
ret:='';
i:=f_int;
end if;
while (f is not null) loop
if (f like 'DDD%') then
ret:=ret||to_char(extract(day from i),'FM999999999999999999');
f:=substr(f,4);
elsif (f like 'HHH%') then
ret:=ret||to_char(extract(day from i)*24+extract(hour from i),'FM999999999999999999');
f:=substr(f,4);
elsif (f like 'HH%') then
ret:=ret||to_char(extract(hour from i),'FM999999999999999999');
f:=substr(f,3);
elsif (f like 'MMM%') then
ret:=ret||to_char(extract(day from i)*24*60+extract(hour from i)*60+extract(minute from i),'FM999999999999999999');
f:=substr(f,4);
elsif (f like 'MM%') then
ret:=ret||to_char(extract(minute from i),'FM999999999999999999');
f:=substr(f,3);
elsif (f like 'SSS%') then
ret:=ret||to_char(extract(day from i)*24*60*60+extract(hour from i)*60*60+extract(minute from i)*60+trunc(extract(second from i)),'FM999999999999999999');
f:=substr(f,4);
elsif (f like 'SS%') then
ret:=ret||to_char(trunc(extract(second from i)),'FM999999999999999999');
f:=substr(f,3);
elsif (f like 'FF%') then
ret:=ret||to_char(mod(extract(second from i),1),'FM999999999999999999');
f:=substr(f,3);
elsif (substr(f,1,1) in (' ', '-', ':', ';', ',', '.', '/')) then
ret:=ret||substr(f,1,1);
f:=substr(f,2);
else
raise_application_error(-20001,'Invalid format : '||f_fmt);
end if;
end loop;
return ret;
end;

/
--------------------------------------------------------
--  Constraints for Table ALLOMAS
--------------------------------------------------------

  ALTER TABLE "TRAINDB"."ALLOMAS" ADD CONSTRAINT "ALLOMAS_PRIMARY_KEY" PRIMARY KEY ("ID")
  USING INDEX (CREATE UNIQUE INDEX "TRAINDB"."ALLOMAS_ID" ON "TRAINDB"."ALLOMAS" ("ID") 
  PCTFREE 10 INITRANS 2 MAXTRANS 255 COMPUTE STATISTICS 
  STORAGE(INITIAL 65536 NEXT 1048576 MINEXTENTS 1 MAXEXTENTS 2147483645
  PCTINCREASE 0 FREELISTS 1 FREELIST GROUPS 1
  BUFFER_POOL DEFAULT FLASH_CACHE DEFAULT CELL_FLASH_CACHE DEFAULT)
  TABLESPACE "USERS" )  ENABLE;
  ALTER TABLE "TRAINDB"."ALLOMAS" MODIFY ("NEVE" NOT NULL ENABLE);
  ALTER TABLE "TRAINDB"."ALLOMAS" MODIFY ("PERON_SZAM" NOT NULL ENABLE);
  ALTER TABLE "TRAINDB"."ALLOMAS" MODIFY ("KAVEZO" NOT NULL ENABLE);
  ALTER TABLE "TRAINDB"."ALLOMAS" MODIFY ("JEGYPENZTAR" NOT NULL ENABLE);
  ALTER TABLE "TRAINDB"."ALLOMAS" MODIFY ("INFO_PONT" NOT NULL ENABLE);
  ALTER TABLE "TRAINDB"."ALLOMAS" MODIFY ("WIFI" NOT NULL ENABLE);
  ALTER TABLE "TRAINDB"."ALLOMAS" MODIFY ("MOZGASKORLATOZOTT_ELERES" NOT NULL ENABLE);
--------------------------------------------------------
--  Constraints for Table ALLOMAS_DOLGOZO
--------------------------------------------------------

  ALTER TABLE "TRAINDB"."ALLOMAS_DOLGOZO" ADD CONSTRAINT "ALLOMAS_DOLGOZO_ID" PRIMARY KEY ("ID")
  USING INDEX PCTFREE 10 INITRANS 2 MAXTRANS 255 COMPUTE STATISTICS 
  STORAGE(INITIAL 65536 NEXT 1048576 MINEXTENTS 1 MAXEXTENTS 2147483645
  PCTINCREASE 0 FREELISTS 1 FREELIST GROUPS 1
  BUFFER_POOL DEFAULT FLASH_CACHE DEFAULT CELL_FLASH_CACHE DEFAULT)
  TABLESPACE "USERS"  ENABLE;
  ALTER TABLE "TRAINDB"."ALLOMAS_DOLGOZO" MODIFY ("ID" NOT NULL ENABLE);
  ALTER TABLE "TRAINDB"."ALLOMAS_DOLGOZO" MODIFY ("DOLGOZO" NOT NULL ENABLE);
  ALTER TABLE "TRAINDB"."ALLOMAS_DOLGOZO" MODIFY ("ALLOMAS" NOT NULL ENABLE);
--------------------------------------------------------
--  Constraints for Table DOLGOZO
--------------------------------------------------------

  ALTER TABLE "TRAINDB"."DOLGOZO" ADD CONSTRAINT "DOLGOZO_ID" PRIMARY KEY ("ID")
  USING INDEX PCTFREE 10 INITRANS 2 MAXTRANS 255 COMPUTE STATISTICS 
  STORAGE(INITIAL 65536 NEXT 1048576 MINEXTENTS 1 MAXEXTENTS 2147483645
  PCTINCREASE 0 FREELISTS 1 FREELIST GROUPS 1
  BUFFER_POOL DEFAULT FLASH_CACHE DEFAULT CELL_FLASH_CACHE DEFAULT)
  TABLESPACE "USERS"  ENABLE;
  ALTER TABLE "TRAINDB"."DOLGOZO" MODIFY ("FELHASZNALONEV" NOT NULL ENABLE);
  ALTER TABLE "TRAINDB"."DOLGOZO" MODIFY ("ADOSZAM" NOT NULL ENABLE);
  ALTER TABLE "TRAINDB"."DOLGOZO" MODIFY ("BEOSZTAS" NOT NULL ENABLE);
  ALTER TABLE "TRAINDB"."DOLGOZO" MODIFY ("ID" NOT NULL ENABLE);
  ALTER TABLE "TRAINDB"."DOLGOZO" MODIFY ("LAKCIM" NOT NULL ENABLE);
  ALTER TABLE "TRAINDB"."DOLGOZO" MODIFY ("ORABER" NOT NULL ENABLE);
--------------------------------------------------------
--  Constraints for Table DOLGOZOTT_ORAK
--------------------------------------------------------

  ALTER TABLE "TRAINDB"."DOLGOZOTT_ORAK" MODIFY ("ID" NOT NULL ENABLE);
  ALTER TABLE "TRAINDB"."DOLGOZOTT_ORAK" ADD CONSTRAINT "DOLGOZOTT_ORAK_PK" PRIMARY KEY ("ID")
  USING INDEX PCTFREE 10 INITRANS 2 MAXTRANS 255 COMPUTE STATISTICS 
  STORAGE(INITIAL 65536 NEXT 1048576 MINEXTENTS 1 MAXEXTENTS 2147483645
  PCTINCREASE 0 FREELISTS 1 FREELIST GROUPS 1
  BUFFER_POOL DEFAULT FLASH_CACHE DEFAULT CELL_FLASH_CACHE DEFAULT)
  TABLESPACE "USERS"  ENABLE;
  ALTER TABLE "TRAINDB"."DOLGOZOTT_ORAK" MODIFY ("DOLGOZO" NOT NULL ENABLE);
  ALTER TABLE "TRAINDB"."DOLGOZOTT_ORAK" MODIFY ("DATUM" NOT NULL ENABLE);
  ALTER TABLE "TRAINDB"."DOLGOZOTT_ORAK" MODIFY ("ORAK_SZAMA" NOT NULL ENABLE);
--------------------------------------------------------
--  Constraints for Table FELHASZNALO
--------------------------------------------------------

  ALTER TABLE "TRAINDB"."FELHASZNALO" ADD PRIMARY KEY ("FELHASZNALONEV")
  USING INDEX PCTFREE 10 INITRANS 2 MAXTRANS 255 COMPUTE STATISTICS 
  STORAGE(INITIAL 65536 NEXT 1048576 MINEXTENTS 1 MAXEXTENTS 2147483645
  PCTINCREASE 0 FREELISTS 1 FREELIST GROUPS 1
  BUFFER_POOL DEFAULT FLASH_CACHE DEFAULT CELL_FLASH_CACHE DEFAULT)
  TABLESPACE "USERS"  ENABLE;
  ALTER TABLE "TRAINDB"."FELHASZNALO" MODIFY ("SZULETESI_DATUM" NOT NULL ENABLE);
  ALTER TABLE "TRAINDB"."FELHASZNALO" MODIFY ("TELJES_NEV" NOT NULL ENABLE);
  ALTER TABLE "TRAINDB"."FELHASZNALO" MODIFY ("BANKKARTYA" NOT NULL ENABLE);
  ALTER TABLE "TRAINDB"."FELHASZNALO" MODIFY ("JELSZO" NOT NULL ENABLE);
  ALTER TABLE "TRAINDB"."FELHASZNALO" MODIFY ("EMAIL" NOT NULL ENABLE);
--------------------------------------------------------
--  Constraints for Table FIZETES
--------------------------------------------------------

  ALTER TABLE "TRAINDB"."FIZETES" MODIFY ("ID" NOT NULL ENABLE);
  ALTER TABLE "TRAINDB"."FIZETES" ADD CONSTRAINT "FIZETES_PK" PRIMARY KEY ("ID")
  USING INDEX PCTFREE 10 INITRANS 2 MAXTRANS 255 COMPUTE STATISTICS 
  STORAGE(INITIAL 65536 NEXT 1048576 MINEXTENTS 1 MAXEXTENTS 2147483645
  PCTINCREASE 0 FREELISTS 1 FREELIST GROUPS 1
  BUFFER_POOL DEFAULT FLASH_CACHE DEFAULT CELL_FLASH_CACHE DEFAULT)
  TABLESPACE "USERS"  ENABLE;
  ALTER TABLE "TRAINDB"."FIZETES" MODIFY ("DOLGOZO" NOT NULL ENABLE);
  ALTER TABLE "TRAINDB"."FIZETES" MODIFY ("FIZETES" NOT NULL ENABLE);
  ALTER TABLE "TRAINDB"."FIZETES" MODIFY ("DATUM" NOT NULL ENABLE);
--------------------------------------------------------
--  Constraints for Table JEGY
--------------------------------------------------------

  ALTER TABLE "TRAINDB"."JEGY" MODIFY ("ID" NOT NULL ENABLE);
  ALTER TABLE "TRAINDB"."JEGY" ADD CONSTRAINT "JEGY_ID" PRIMARY KEY ("ID")
  USING INDEX PCTFREE 10 INITRANS 2 MAXTRANS 255 COMPUTE STATISTICS 
  STORAGE(INITIAL 65536 NEXT 1048576 MINEXTENTS 1 MAXEXTENTS 2147483645
  PCTINCREASE 0 FREELISTS 1 FREELIST GROUPS 1
  BUFFER_POOL DEFAULT FLASH_CACHE DEFAULT CELL_FLASH_CACHE DEFAULT)
  TABLESPACE "USERS"  ENABLE;
  ALTER TABLE "TRAINDB"."JEGY" MODIFY ("FELHASZNALO" NOT NULL ENABLE);
  ALTER TABLE "TRAINDB"."JEGY" MODIFY ("UT" NOT NULL ENABLE);
  ALTER TABLE "TRAINDB"."JEGY" MODIFY ("SZEK" NOT NULL ENABLE);
  ALTER TABLE "TRAINDB"."JEGY" MODIFY ("VETELI_DATUM" NOT NULL ENABLE);
  ALTER TABLE "TRAINDB"."JEGY" MODIFY ("KATEGORIA" NOT NULL ENABLE);
  ALTER TABLE "TRAINDB"."JEGY" MODIFY ("AR" NOT NULL ENABLE);
  ALTER TABLE "TRAINDB"."JEGY" MODIFY ("UTAS_NEV" NOT NULL ENABLE);
  ALTER TABLE "TRAINDB"."JEGY" MODIFY ("UTAS_MAIL" NOT NULL ENABLE);
  ALTER TABLE "TRAINDB"."JEGY" MODIFY ("HONNAN" NOT NULL ENABLE);
  ALTER TABLE "TRAINDB"."JEGY" MODIFY ("HOVA" NOT NULL ENABLE);
  ALTER TABLE "TRAINDB"."JEGY" MODIFY ("INDULAS" NOT NULL ENABLE);
  ALTER TABLE "TRAINDB"."JEGY" MODIFY ("KOCSI" NOT NULL ENABLE);
--------------------------------------------------------
--  Constraints for Table KALAUZ
--------------------------------------------------------

  ALTER TABLE "TRAINDB"."KALAUZ" ADD CONSTRAINT "KALAUZ_ID" PRIMARY KEY ("ID")
  USING INDEX PCTFREE 10 INITRANS 2 MAXTRANS 255 COMPUTE STATISTICS 
  STORAGE(INITIAL 65536 NEXT 1048576 MINEXTENTS 1 MAXEXTENTS 2147483645
  PCTINCREASE 0 FREELISTS 1 FREELIST GROUPS 1
  BUFFER_POOL DEFAULT FLASH_CACHE DEFAULT CELL_FLASH_CACHE DEFAULT)
  TABLESPACE "USERS"  ENABLE;
  ALTER TABLE "TRAINDB"."KALAUZ" MODIFY ("ID" NOT NULL ENABLE);
  ALTER TABLE "TRAINDB"."KALAUZ" MODIFY ("DOLGOZO" NOT NULL ENABLE);
  ALTER TABLE "TRAINDB"."KALAUZ" MODIFY ("UT" NOT NULL ENABLE);
--------------------------------------------------------
--  Constraints for Table KOCSI
--------------------------------------------------------

  ALTER TABLE "TRAINDB"."KOCSI" MODIFY ("ID" NOT NULL ENABLE);
  ALTER TABLE "TRAINDB"."KOCSI" MODIFY ("TIPUS" NOT NULL ENABLE);
  ALTER TABLE "TRAINDB"."KOCSI" MODIFY ("KONNEKTOR" NOT NULL ENABLE);
  ALTER TABLE "TRAINDB"."KOCSI" MODIFY ("WIFI" NOT NULL ENABLE);
  ALTER TABLE "TRAINDB"."KOCSI" ADD CHECK ("FEROHELY" IS NOT NULL) ENABLE;
  ALTER TABLE "TRAINDB"."KOCSI" ADD CONSTRAINT "KOCSI_ID" PRIMARY KEY ("ID")
  USING INDEX PCTFREE 10 INITRANS 2 MAXTRANS 255 COMPUTE STATISTICS 
  STORAGE(INITIAL 65536 NEXT 1048576 MINEXTENTS 1 MAXEXTENTS 2147483645
  PCTINCREASE 0 FREELISTS 1 FREELIST GROUPS 1
  BUFFER_POOL DEFAULT FLASH_CACHE DEFAULT CELL_FLASH_CACHE DEFAULT)
  TABLESPACE "USERS"  ENABLE;
--------------------------------------------------------
--  Constraints for Table MEGALLO
--------------------------------------------------------

  ALTER TABLE "TRAINDB"."MEGALLO" MODIFY ("ID" NOT NULL ENABLE);
  ALTER TABLE "TRAINDB"."MEGALLO" MODIFY ("ALLOMAS" NOT NULL ENABLE);
  ALTER TABLE "TRAINDB"."MEGALLO" MODIFY ("MENETREND_ID" NOT NULL ENABLE);
  ALTER TABLE "TRAINDB"."MEGALLO" ADD CONSTRAINT "MEGALLO_ID" PRIMARY KEY ("ID")
  USING INDEX PCTFREE 10 INITRANS 2 MAXTRANS 255 COMPUTE STATISTICS 
  STORAGE(INITIAL 65536 NEXT 1048576 MINEXTENTS 1 MAXEXTENTS 2147483645
  PCTINCREASE 0 FREELISTS 1 FREELIST GROUPS 1
  BUFFER_POOL DEFAULT FLASH_CACHE DEFAULT CELL_FLASH_CACHE DEFAULT)
  TABLESPACE "USERS"  ENABLE;
  ALTER TABLE "TRAINDB"."MEGALLO" ADD CONSTRAINT "MEGALLO_UK1" UNIQUE ("MENETREND_ID", "ALLOMAS")
  USING INDEX PCTFREE 10 INITRANS 2 MAXTRANS 255 COMPUTE STATISTICS 
  STORAGE(INITIAL 65536 NEXT 1048576 MINEXTENTS 1 MAXEXTENTS 2147483645
  PCTINCREASE 0 FREELISTS 1 FREELIST GROUPS 1
  BUFFER_POOL DEFAULT FLASH_CACHE DEFAULT CELL_FLASH_CACHE DEFAULT)
  TABLESPACE "USERS"  ENABLE;
--------------------------------------------------------
--  Constraints for Table MENETREND
--------------------------------------------------------

  ALTER TABLE "TRAINDB"."MENETREND" ADD CONSTRAINT "MENETREND_ID" PRIMARY KEY ("ID")
  USING INDEX PCTFREE 10 INITRANS 2 MAXTRANS 255 COMPUTE STATISTICS 
  STORAGE(INITIAL 65536 NEXT 1048576 MINEXTENTS 1 MAXEXTENTS 2147483645
  PCTINCREASE 0 FREELISTS 1 FREELIST GROUPS 1
  BUFFER_POOL DEFAULT FLASH_CACHE DEFAULT CELL_FLASH_CACHE DEFAULT)
  TABLESPACE "USERS"  ENABLE;
  ALTER TABLE "TRAINDB"."MENETREND" MODIFY ("ID" NOT NULL ENABLE);
  ALTER TABLE "TRAINDB"."MENETREND" MODIFY ("ISMETLODES_TIPUSA" NOT NULL ENABLE);
  ALTER TABLE "TRAINDB"."MENETREND" MODIFY ("NEV" NOT NULL ENABLE);
  ALTER TABLE "TRAINDB"."MENETREND" MODIFY ("INDUL" NOT NULL ENABLE);
  ALTER TABLE "TRAINDB"."MENETREND" MODIFY ("HET_NAPJA" NOT NULL ENABLE);
--------------------------------------------------------
--  Constraints for Table MOZDONY
--------------------------------------------------------

  ALTER TABLE "TRAINDB"."MOZDONY" ADD CONSTRAINT "MOZDONY_ID" PRIMARY KEY ("ID")
  USING INDEX PCTFREE 10 INITRANS 2 MAXTRANS 255 COMPUTE STATISTICS 
  STORAGE(INITIAL 65536 NEXT 1048576 MINEXTENTS 1 MAXEXTENTS 2147483645
  PCTINCREASE 0 FREELISTS 1 FREELIST GROUPS 1
  BUFFER_POOL DEFAULT FLASH_CACHE DEFAULT CELL_FLASH_CACHE DEFAULT)
  TABLESPACE "USERS"  ENABLE;
  ALTER TABLE "TRAINDB"."MOZDONY" MODIFY ("ID" NOT NULL ENABLE);
  ALTER TABLE "TRAINDB"."MOZDONY" MODIFY ("GYARTASI_EV" NOT NULL ENABLE);
  ALTER TABLE "TRAINDB"."MOZDONY" MODIFY ("TIPUS" NOT NULL ENABLE);
  ALTER TABLE "TRAINDB"."MOZDONY" MODIFY ("SEBESSEG" NOT NULL ENABLE);
  ALTER TABLE "TRAINDB"."MOZDONY" MODIFY ("HUZOERO" NOT NULL ENABLE);
--------------------------------------------------------
--  Constraints for Table SZABADSAG
--------------------------------------------------------

  ALTER TABLE "TRAINDB"."SZABADSAG" MODIFY ("ID" NOT NULL ENABLE);
  ALTER TABLE "TRAINDB"."SZABADSAG" ADD CONSTRAINT "SZABADSAG_ID" PRIMARY KEY ("ID")
  USING INDEX PCTFREE 10 INITRANS 2 MAXTRANS 255 COMPUTE STATISTICS 
  STORAGE(INITIAL 65536 NEXT 1048576 MINEXTENTS 1 MAXEXTENTS 2147483645
  PCTINCREASE 0 FREELISTS 1 FREELIST GROUPS 1
  BUFFER_POOL DEFAULT FLASH_CACHE DEFAULT CELL_FLASH_CACHE DEFAULT)
  TABLESPACE "USERS"  ENABLE;
  ALTER TABLE "TRAINDB"."SZABADSAG" MODIFY ("OK" NOT NULL ENABLE);
  ALTER TABLE "TRAINDB"."SZABADSAG" MODIFY ("DOLGOZO" NOT NULL ENABLE);
  ALTER TABLE "TRAINDB"."SZABADSAG" MODIFY ("KEZDETE" NOT NULL ENABLE);
  ALTER TABLE "TRAINDB"."SZABADSAG" MODIFY ("VEGE" NOT NULL ENABLE);
  ALTER TABLE "TRAINDB"."SZABADSAG" MODIFY ("JOVAHAGYOTT" NOT NULL ENABLE);
--------------------------------------------------------
--  Constraints for Table SZEK
--------------------------------------------------------

  ALTER TABLE "TRAINDB"."SZEK" MODIFY ("ID" NOT NULL ENABLE);
  ALTER TABLE "TRAINDB"."SZEK" MODIFY ("TIPUS" NOT NULL ENABLE);
  ALTER TABLE "TRAINDB"."SZEK" MODIFY ("ASZTAL" NOT NULL ENABLE);
  ALTER TABLE "TRAINDB"."SZEK" MODIFY ("ABLAK" NOT NULL ENABLE);
  ALTER TABLE "TRAINDB"."SZEK" MODIFY ("KOCSI" NOT NULL ENABLE);
  ALTER TABLE "TRAINDB"."SZEK" ADD CONSTRAINT "SZEK_ID" PRIMARY KEY ("ID")
  USING INDEX PCTFREE 10 INITRANS 2 MAXTRANS 255 COMPUTE STATISTICS 
  STORAGE(INITIAL 65536 NEXT 1048576 MINEXTENTS 1 MAXEXTENTS 2147483645
  PCTINCREASE 0 FREELISTS 1 FREELIST GROUPS 1
  BUFFER_POOL DEFAULT FLASH_CACHE DEFAULT CELL_FLASH_CACHE DEFAULT)
  TABLESPACE "USERS"  ENABLE;
  ALTER TABLE "TRAINDB"."SZEK" MODIFY ("SZEK_SZAM" NOT NULL ENABLE);
--------------------------------------------------------
--  Constraints for Table SZERELVENY
--------------------------------------------------------

  ALTER TABLE "TRAINDB"."SZERELVENY" MODIFY ("ID" NOT NULL ENABLE);
  ALTER TABLE "TRAINDB"."SZERELVENY" MODIFY ("MOZDONY" NOT NULL ENABLE);
  ALTER TABLE "TRAINDB"."SZERELVENY" ADD CONSTRAINT "SZERELVENY_ID" PRIMARY KEY ("ID")
  USING INDEX PCTFREE 10 INITRANS 2 MAXTRANS 255 COMPUTE STATISTICS 
  STORAGE(INITIAL 65536 NEXT 1048576 MINEXTENTS 1 MAXEXTENTS 2147483645
  PCTINCREASE 0 FREELISTS 1 FREELIST GROUPS 1
  BUFFER_POOL DEFAULT FLASH_CACHE DEFAULT CELL_FLASH_CACHE DEFAULT)
  TABLESPACE "USERS"  ENABLE;
--------------------------------------------------------
--  Constraints for Table SZERELVENY_KOCSIK
--------------------------------------------------------

  ALTER TABLE "TRAINDB"."SZERELVENY_KOCSIK" MODIFY ("ID" NOT NULL ENABLE);
  ALTER TABLE "TRAINDB"."SZERELVENY_KOCSIK" MODIFY ("SZERELVENY" NOT NULL ENABLE);
  ALTER TABLE "TRAINDB"."SZERELVENY_KOCSIK" MODIFY ("KOCSI" NOT NULL ENABLE);
  ALTER TABLE "TRAINDB"."SZERELVENY_KOCSIK" ADD CONSTRAINT "SZERELVENY_KOCSIK_ID" PRIMARY KEY ("ID")
  USING INDEX PCTFREE 10 INITRANS 2 MAXTRANS 255 COMPUTE STATISTICS 
  STORAGE(INITIAL 65536 NEXT 1048576 MINEXTENTS 1 MAXEXTENTS 2147483645
  PCTINCREASE 0 FREELISTS 1 FREELIST GROUPS 1
  BUFFER_POOL DEFAULT FLASH_CACHE DEFAULT CELL_FLASH_CACHE DEFAULT)
  TABLESPACE "USERS"  ENABLE;
--------------------------------------------------------
--  Constraints for Table UTAK
--------------------------------------------------------

  ALTER TABLE "TRAINDB"."UTAK" MODIFY ("ID" NOT NULL ENABLE);
  ALTER TABLE "TRAINDB"."UTAK" MODIFY ("MENETREND" NOT NULL ENABLE);
  ALTER TABLE "TRAINDB"."UTAK" MODIFY ("IDO" NOT NULL ENABLE);
  ALTER TABLE "TRAINDB"."UTAK" MODIFY ("SZERELVENY" NOT NULL ENABLE);
  ALTER TABLE "TRAINDB"."UTAK" ADD CONSTRAINT "UTAK_ID" PRIMARY KEY ("ID")
  USING INDEX PCTFREE 10 INITRANS 2 MAXTRANS 255 COMPUTE STATISTICS 
  STORAGE(INITIAL 65536 NEXT 1048576 MINEXTENTS 1 MAXEXTENTS 2147483645
  PCTINCREASE 0 FREELISTS 1 FREELIST GROUPS 1
  BUFFER_POOL DEFAULT FLASH_CACHE DEFAULT CELL_FLASH_CACHE DEFAULT)
  TABLESPACE "USERS"  ENABLE;
--------------------------------------------------------
--  Ref Constraints for Table ALLOMAS_DOLGOZO
--------------------------------------------------------

  ALTER TABLE "TRAINDB"."ALLOMAS_DOLGOZO" ADD CONSTRAINT "FK_ALLOMAS_DOLGOZO_ALLOMAS_ID" FOREIGN KEY ("ID")
	  REFERENCES "TRAINDB"."ALLOMAS" ("ID") ENABLE;
--------------------------------------------------------
--  Ref Constraints for Table DOLGOZO
--------------------------------------------------------

  ALTER TABLE "TRAINDB"."DOLGOZO" ADD CONSTRAINT "FK_DOLGOZO_FELHASZNALO" FOREIGN KEY ("FELHASZNALONEV")
	  REFERENCES "TRAINDB"."FELHASZNALO" ("FELHASZNALONEV") ENABLE;
--------------------------------------------------------
--  Ref Constraints for Table JEGY
--------------------------------------------------------

  ALTER TABLE "TRAINDB"."JEGY" ADD CONSTRAINT "FK_JEGY_FELHASZNALO" FOREIGN KEY ("FELHASZNALO")
	  REFERENCES "TRAINDB"."FELHASZNALO" ("FELHASZNALONEV") ENABLE;
  ALTER TABLE "TRAINDB"."JEGY" ADD CONSTRAINT "FK_JEGY_SZEK" FOREIGN KEY ("SZEK")
	  REFERENCES "TRAINDB"."SZEK" ("ID") ENABLE NOVALIDATE;
  ALTER TABLE "TRAINDB"."JEGY" ADD CONSTRAINT "FK_JEGY_UT_ID" FOREIGN KEY ("UT")
	  REFERENCES "TRAINDB"."UTAK" ("ID") ENABLE;
--------------------------------------------------------
--  Ref Constraints for Table KALAUZ
--------------------------------------------------------

  ALTER TABLE "TRAINDB"."KALAUZ" ADD CONSTRAINT "FK_KALAUZ_UT_ID" FOREIGN KEY ("UT")
	  REFERENCES "TRAINDB"."UTAK" ("ID") ENABLE;
--------------------------------------------------------
--  Ref Constraints for Table MEGALLO
--------------------------------------------------------

  ALTER TABLE "TRAINDB"."MEGALLO" ADD CONSTRAINT "FK_MEGALLO_ALLOMAS_ID" FOREIGN KEY ("ALLOMAS")
	  REFERENCES "TRAINDB"."ALLOMAS" ("ID") ENABLE;
--------------------------------------------------------
--  Ref Constraints for Table SZEK
--------------------------------------------------------

  ALTER TABLE "TRAINDB"."SZEK" ADD CONSTRAINT "FK_SZEK_KOCSI" FOREIGN KEY ("KOCSI")
	  REFERENCES "TRAINDB"."KOCSI" ("ID") ON DELETE CASCADE ENABLE;
  ALTER TABLE "TRAINDB"."SZEK" ADD CONSTRAINT "MELLETTE_LEVO_SZEK_ID" FOREIGN KEY ("ID")
	  REFERENCES "TRAINDB"."SZEK" ("ID") ENABLE;
--------------------------------------------------------
--  Ref Constraints for Table SZERELVENY
--------------------------------------------------------

  ALTER TABLE "TRAINDB"."SZERELVENY" ADD CONSTRAINT "FK_SZERELVENY_MOZDONY_ID" FOREIGN KEY ("MOZDONY")
	  REFERENCES "TRAINDB"."MOZDONY" ("ID") ENABLE;
--------------------------------------------------------
--  Ref Constraints for Table SZERELVENY_KOCSIK
--------------------------------------------------------

  ALTER TABLE "TRAINDB"."SZERELVENY_KOCSIK" ADD CONSTRAINT "FK_SZERELVENY_KOCSIK_KOCSI" FOREIGN KEY ("KOCSI")
	  REFERENCES "TRAINDB"."KOCSI" ("ID") ENABLE NOVALIDATE;
  ALTER TABLE "TRAINDB"."SZERELVENY_KOCSIK" ADD CONSTRAINT "FK_SZERELVENY_KOCSIK_SZERELVEN" FOREIGN KEY ("SZERELVENY")
	  REFERENCES "TRAINDB"."SZERELVENY" ("ID") ENABLE;
--------------------------------------------------------
--  Ref Constraints for Table UTAK
--------------------------------------------------------

  ALTER TABLE "TRAINDB"."UTAK" ADD CONSTRAINT "FK_UTAK_SZERELVENY" FOREIGN KEY ("SZERELVENY")
	  REFERENCES "TRAINDB"."SZERELVENY" ("ID") ENABLE;
