--------------------------------------------------------
--  File created - Monday-April-13-2020   
--------------------------------------------------------
--------------------------------------------------------
--  DDL for Table ALLOMAS
--------------------------------------------------------

  CREATE TABLE "TRAINUSER"."ALLOMAS" 
   (	"ID" NUMBER, 
	"NEVE" VARCHAR2(30 BYTE), 
	"PERON_SZAM" NUMBER, 
	"KAVEZO" NUMBER(1,0), 
	"JEGYPENZTAR" NUMBER(1,0), 
	"INFO_PONT" NUMBER(1,0), 
	"WIFI" NUMBER(1,0), 
	"MOZGASKORLATOZOTT_ELERES" NUMBER(1,0)
   ) SEGMENT CREATION IMMEDIATE 
  PCTFREE 10 PCTUSED 40 INITRANS 1 MAXTRANS 255 
 NOCOMPRESS LOGGING
  STORAGE(INITIAL 65536 NEXT 1048576 MINEXTENTS 1 MAXEXTENTS 2147483645
  PCTINCREASE 0 FREELISTS 1 FREELIST GROUPS 1
  BUFFER_POOL DEFAULT FLASH_CACHE DEFAULT CELL_FLASH_CACHE DEFAULT)
  TABLESPACE "USERS" ;

   COMMENT ON COLUMN "TRAINUSER"."ALLOMAS"."KAVEZO" IS 'boolean';
   COMMENT ON COLUMN "TRAINUSER"."ALLOMAS"."JEGYPENZTAR" IS 'boolean';
   COMMENT ON COLUMN "TRAINUSER"."ALLOMAS"."INFO_PONT" IS 'boolean';
   COMMENT ON COLUMN "TRAINUSER"."ALLOMAS"."WIFI" IS 'boolean';
   COMMENT ON COLUMN "TRAINUSER"."ALLOMAS"."MOZGASKORLATOZOTT_ELERES" IS 'boolean';
--------------------------------------------------------
--  DDL for Table ALLOMAS_DOLGOZO
--------------------------------------------------------

  CREATE TABLE "TRAINUSER"."ALLOMAS_DOLGOZO" 
   (	"ID" NUMBER, 
	"DOLGOZO" NUMBER, 
	"ALLOMAS" NUMBER
   ) SEGMENT CREATION IMMEDIATE 
  PCTFREE 10 PCTUSED 40 INITRANS 1 MAXTRANS 255 
 NOCOMPRESS LOGGING
  STORAGE(INITIAL 65536 NEXT 1048576 MINEXTENTS 1 MAXEXTENTS 2147483645
  PCTINCREASE 0 FREELISTS 1 FREELIST GROUPS 1
  BUFFER_POOL DEFAULT FLASH_CACHE DEFAULT CELL_FLASH_CACHE DEFAULT)
  TABLESPACE "USERS" ;
--------------------------------------------------------
--  DDL for Table DOLGOZO
--------------------------------------------------------

  CREATE TABLE "TRAINUSER"."DOLGOZO" 
   (	"ID" NUMBER, 
	"NEV" VARCHAR2(60 BYTE), 
	"SZULETESI_DATUM" DATE, 
	"ADOSZAM" NUMBER, 
	"BEOSZTAS" VARCHAR2(40 BYTE), 
	"LAKCIM" VARCHAR2(60 BYTE), 
	"FIZETESE" NUMBER
   ) SEGMENT CREATION IMMEDIATE 
  PCTFREE 10 PCTUSED 40 INITRANS 1 MAXTRANS 255 
 NOCOMPRESS LOGGING
  STORAGE(INITIAL 65536 NEXT 1048576 MINEXTENTS 1 MAXEXTENTS 2147483645
  PCTINCREASE 0 FREELISTS 1 FREELIST GROUPS 1
  BUFFER_POOL DEFAULT FLASH_CACHE DEFAULT CELL_FLASH_CACHE DEFAULT)
  TABLESPACE "USERS" ;
--------------------------------------------------------
--  DDL for Table FELHASZNALO
--------------------------------------------------------

  CREATE TABLE "TRAINUSER"."FELHASZNALO" 
   (	"FELHASZNALONEV" VARCHAR2(30 BYTE), 
	"SZULETESI_DATUM" DATE, 
	"TELJES_NEV" VARCHAR2(50 BYTE), 
	"BANKKARTYA" VARCHAR2(20 BYTE), 
	"JELSZO" VARCHAR2(40 BYTE)
   ) SEGMENT CREATION IMMEDIATE 
  PCTFREE 10 PCTUSED 40 INITRANS 1 MAXTRANS 255 
 NOCOMPRESS LOGGING
  STORAGE(INITIAL 65536 NEXT 1048576 MINEXTENTS 1 MAXEXTENTS 2147483645
  PCTINCREASE 0 FREELISTS 1 FREELIST GROUPS 1
  BUFFER_POOL DEFAULT FLASH_CACHE DEFAULT CELL_FLASH_CACHE DEFAULT)
  TABLESPACE "USERS" ;
--------------------------------------------------------
--  DDL for Table JEGY
--------------------------------------------------------

  CREATE TABLE "TRAINUSER"."JEGY" 
   (	"ID" NUMBER, 
	"FELHASZNALO" VARCHAR2(20 BYTE), 
	"UT" NUMBER, 
	"KOCSI" NUMBER, 
	"SZEK" NUMBER
   ) SEGMENT CREATION IMMEDIATE 
  PCTFREE 10 PCTUSED 40 INITRANS 1 MAXTRANS 255 
 NOCOMPRESS LOGGING
  STORAGE(INITIAL 65536 NEXT 1048576 MINEXTENTS 1 MAXEXTENTS 2147483645
  PCTINCREASE 0 FREELISTS 1 FREELIST GROUPS 1
  BUFFER_POOL DEFAULT FLASH_CACHE DEFAULT CELL_FLASH_CACHE DEFAULT)
  TABLESPACE "USERS" ;
--------------------------------------------------------
--  DDL for Table KALAUZ
--------------------------------------------------------

  CREATE TABLE "TRAINUSER"."KALAUZ" 
   (	"ID" NUMBER, 
	"DOLGOZO" NUMBER, 
	"UT" NUMBER
   ) SEGMENT CREATION IMMEDIATE 
  PCTFREE 10 PCTUSED 40 INITRANS 1 MAXTRANS 255 
 NOCOMPRESS LOGGING
  STORAGE(INITIAL 65536 NEXT 1048576 MINEXTENTS 1 MAXEXTENTS 2147483645
  PCTINCREASE 0 FREELISTS 1 FREELIST GROUPS 1
  BUFFER_POOL DEFAULT FLASH_CACHE DEFAULT CELL_FLASH_CACHE DEFAULT)
  TABLESPACE "USERS" ;
--------------------------------------------------------
--  DDL for Table KOCSI
--------------------------------------------------------

  CREATE TABLE "TRAINUSER"."KOCSI" 
   (	"ID" NUMBER, 
	"FEROHELY" NUMBER, 
	"TIPUS" VARCHAR2(40 BYTE), 
	"KONNEKTOR" NUMBER(1,0), 
	"WIFI" NUMBER(1,0)
   ) SEGMENT CREATION IMMEDIATE 
  PCTFREE 10 PCTUSED 40 INITRANS 1 MAXTRANS 255 
 NOCOMPRESS LOGGING
  STORAGE(INITIAL 65536 NEXT 1048576 MINEXTENTS 1 MAXEXTENTS 2147483645
  PCTINCREASE 0 FREELISTS 1 FREELIST GROUPS 1
  BUFFER_POOL DEFAULT FLASH_CACHE DEFAULT CELL_FLASH_CACHE DEFAULT)
  TABLESPACE "USERS" ;

   COMMENT ON COLUMN "TRAINUSER"."KOCSI"."KONNEKTOR" IS 'boolean';
   COMMENT ON COLUMN "TRAINUSER"."KOCSI"."WIFI" IS 'boolean';
--------------------------------------------------------
--  DDL for Table MEGALLO
--------------------------------------------------------

  CREATE TABLE "TRAINUSER"."MEGALLO" 
   (	"ID" NUMBER, 
	"ALLOMAS" NUMBER, 
	"JARAT" NUMBER, 
	"ERKEZIK_IDO" VARCHAR2(5 BYTE), 
	"KESIK" NUMBER(2,0)
   ) SEGMENT CREATION IMMEDIATE 
  PCTFREE 10 PCTUSED 40 INITRANS 1 MAXTRANS 255 
 NOCOMPRESS LOGGING
  STORAGE(INITIAL 65536 NEXT 1048576 MINEXTENTS 1 MAXEXTENTS 2147483645
  PCTINCREASE 0 FREELISTS 1 FREELIST GROUPS 1
  BUFFER_POOL DEFAULT FLASH_CACHE DEFAULT CELL_FLASH_CACHE DEFAULT)
  TABLESPACE "USERS" ;

   COMMENT ON COLUMN "TRAINUSER"."MEGALLO"."KESIK" IS 'boolean';
--------------------------------------------------------
--  DDL for Table MENETREND
--------------------------------------------------------

  CREATE TABLE "TRAINUSER"."MENETREND" 
   (	"ID" NUMBER, 
	"ISMETLODES_TIPUSA" NUMBER, 
	"NEV" VARCHAR2(20 BYTE), 
	"INDULASI_IDO" VARCHAR2(5 BYTE), 
	"HET_NAPJA" NUMBER
   ) SEGMENT CREATION IMMEDIATE 
  PCTFREE 10 PCTUSED 40 INITRANS 1 MAXTRANS 255 
 NOCOMPRESS LOGGING
  STORAGE(INITIAL 65536 NEXT 1048576 MINEXTENTS 1 MAXEXTENTS 2147483645
  PCTINCREASE 0 FREELISTS 1 FREELIST GROUPS 1
  BUFFER_POOL DEFAULT FLASH_CACHE DEFAULT CELL_FLASH_CACHE DEFAULT)
  TABLESPACE "USERS" ;
--------------------------------------------------------
--  DDL for Table MOZDONY
--------------------------------------------------------

  CREATE TABLE "TRAINUSER"."MOZDONY" 
   (	"ID" NUMBER, 
	"GYARTASI_EV" DATE, 
	"TIPUS" NUMBER(3,0), 
	"HUZOERO" BINARY_FLOAT, 
	"SEBESSEG" NUMBER
   ) SEGMENT CREATION IMMEDIATE 
  PCTFREE 10 PCTUSED 40 INITRANS 1 MAXTRANS 255 
 NOCOMPRESS LOGGING
  STORAGE(INITIAL 65536 NEXT 1048576 MINEXTENTS 1 MAXEXTENTS 2147483645
  PCTINCREASE 0 FREELISTS 1 FREELIST GROUPS 1
  BUFFER_POOL DEFAULT FLASH_CACHE DEFAULT CELL_FLASH_CACHE DEFAULT)
  TABLESPACE "USERS" ;
--------------------------------------------------------
--  DDL for Table SZABADSAG
--------------------------------------------------------

  CREATE TABLE "TRAINUSER"."SZABADSAG" 
   (	"ID" NUMBER, 
	"DOLGOZO" NUMBER, 
	"KEZDETE" DATE, 
	"VEGE" DATE, 
	"JOVAHAGYOTT" NUMBER(1,0)
   ) SEGMENT CREATION IMMEDIATE 
  PCTFREE 10 PCTUSED 40 INITRANS 1 MAXTRANS 255 
 NOCOMPRESS LOGGING
  STORAGE(INITIAL 65536 NEXT 1048576 MINEXTENTS 1 MAXEXTENTS 2147483645
  PCTINCREASE 0 FREELISTS 1 FREELIST GROUPS 1
  BUFFER_POOL DEFAULT FLASH_CACHE DEFAULT CELL_FLASH_CACHE DEFAULT)
  TABLESPACE "USERS" ;
--------------------------------------------------------
--  DDL for Table SZEK
--------------------------------------------------------

  CREATE TABLE "TRAINUSER"."SZEK" 
   (	"ID" NUMBER, 
	"TIPUS" NUMBER(3,0), 
	"ASZTAL" NUMBER(1,0), 
	"ABLAK" NUMBER(1,0), 
	"KOCSI" NUMBER, 
	"SZEK_SZAM" NUMBER
   ) SEGMENT CREATION IMMEDIATE 
  PCTFREE 10 PCTUSED 40 INITRANS 1 MAXTRANS 255 
 NOCOMPRESS LOGGING
  STORAGE(INITIAL 65536 NEXT 1048576 MINEXTENTS 1 MAXEXTENTS 2147483645
  PCTINCREASE 0 FREELISTS 1 FREELIST GROUPS 1
  BUFFER_POOL DEFAULT FLASH_CACHE DEFAULT CELL_FLASH_CACHE DEFAULT)
  TABLESPACE "USERS" ;

   COMMENT ON COLUMN "TRAINUSER"."SZEK"."ASZTAL" IS 'boolean';
   COMMENT ON COLUMN "TRAINUSER"."SZEK"."ABLAK" IS 'boolean';
--------------------------------------------------------
--  DDL for Table SZERELVENY
--------------------------------------------------------

  CREATE TABLE "TRAINUSER"."SZERELVENY" 
   (	"ID" NUMBER, 
	"MOZDONY" NUMBER
   ) SEGMENT CREATION IMMEDIATE 
  PCTFREE 10 PCTUSED 40 INITRANS 1 MAXTRANS 255 
 NOCOMPRESS LOGGING
  STORAGE(INITIAL 65536 NEXT 1048576 MINEXTENTS 1 MAXEXTENTS 2147483645
  PCTINCREASE 0 FREELISTS 1 FREELIST GROUPS 1
  BUFFER_POOL DEFAULT FLASH_CACHE DEFAULT CELL_FLASH_CACHE DEFAULT)
  TABLESPACE "USERS" ;
--------------------------------------------------------
--  DDL for Table SZERELVENY_KOCSIK
--------------------------------------------------------

  CREATE TABLE "TRAINUSER"."SZERELVENY_KOCSIK" 
   (	"ID" NUMBER, 
	"SZERELVENY" NUMBER, 
	"KOCSI" NUMBER
   ) SEGMENT CREATION IMMEDIATE 
  PCTFREE 10 PCTUSED 40 INITRANS 1 MAXTRANS 255 
 NOCOMPRESS LOGGING
  STORAGE(INITIAL 65536 NEXT 1048576 MINEXTENTS 1 MAXEXTENTS 2147483645
  PCTINCREASE 0 FREELISTS 1 FREELIST GROUPS 1
  BUFFER_POOL DEFAULT FLASH_CACHE DEFAULT CELL_FLASH_CACHE DEFAULT)
  TABLESPACE "USERS" ;
--------------------------------------------------------
--  DDL for Table UTAK
--------------------------------------------------------

  CREATE TABLE "TRAINUSER"."UTAK" 
   (	"ID" NUMBER, 
	"MENETREND" NUMBER, 
	"IDO" DATE, 
	"SZERELVENY" NUMBER
   ) SEGMENT CREATION IMMEDIATE 
  PCTFREE 10 PCTUSED 40 INITRANS 1 MAXTRANS 255 
 NOCOMPRESS LOGGING
  STORAGE(INITIAL 65536 NEXT 1048576 MINEXTENTS 1 MAXEXTENTS 2147483645
  PCTINCREASE 0 FREELISTS 1 FREELIST GROUPS 1
  BUFFER_POOL DEFAULT FLASH_CACHE DEFAULT CELL_FLASH_CACHE DEFAULT)
  TABLESPACE "USERS" ;
REM INSERTING into TRAINUSER.ALLOMAS
SET DEFINE OFF;
Insert into TRAINUSER.ALLOMAS (ID,NEVE,PERON_SZAM,KAVEZO,JEGYPENZTAR,INFO_PONT,WIFI,MOZGASKORLATOZOTT_ELERES) values (0,'Szeged',5,1,1,1,0,1);
Insert into TRAINUSER.ALLOMAS (ID,NEVE,PERON_SZAM,KAVEZO,JEGYPENZTAR,INFO_PONT,WIFI,MOZGASKORLATOZOTT_ELERES) values (1,'Budapest-Nyugati',16,1,1,1,0,1);
Insert into TRAINUSER.ALLOMAS (ID,NEVE,PERON_SZAM,KAVEZO,JEGYPENZTAR,INFO_PONT,WIFI,MOZGASKORLATOZOTT_ELERES) values (2,'Budapest-Kelet',10,0,1,0,0,0);
REM INSERTING into TRAINUSER.ALLOMAS_DOLGOZO
SET DEFINE OFF;
Insert into TRAINUSER.ALLOMAS_DOLGOZO (ID,DOLGOZO,ALLOMAS) values (0,0,0);
Insert into TRAINUSER.ALLOMAS_DOLGOZO (ID,DOLGOZO,ALLOMAS) values (1,1,0);
Insert into TRAINUSER.ALLOMAS_DOLGOZO (ID,DOLGOZO,ALLOMAS) values (2,2,1);
Insert into TRAINUSER.ALLOMAS_DOLGOZO (ID,DOLGOZO,ALLOMAS) values (3,3,2);
REM INSERTING into TRAINUSER.DOLGOZO
SET DEFINE OFF;
Insert into TRAINUSER.DOLGOZO (ID,NEV,SZULETESI_DATUM,ADOSZAM,BEOSZTAS,LAKCIM,FIZETESE) values (0,'Kis Pista',to_date('11-APR-90','DD-MON-RR'),123456789,'info desk helper','Szeged,Nyitra u. 2. ',120000);
Insert into TRAINUSER.DOLGOZO (ID,NEV,SZULETESI_DATUM,ADOSZAM,BEOSZTAS,LAKCIM,FIZETESE) values (1,'Palpi Mihály',to_date('21-MAY-69','DD-MON-RR'),2563598799,'Measurement engineer','Szeged, Fürj u. 12.',180000);
Insert into TRAINUSER.DOLGOZO (ID,NEV,SZULETESI_DATUM,ADOSZAM,BEOSZTAS,LAKCIM,FIZETESE) values (2,'Édes Kata',to_date('01-JAN-70','DD-MON-RR'),6985698548,'owner','Budapest,Kisgömb u. 10. ',251000);
Insert into TRAINUSER.DOLGOZO (ID,NEV,SZULETESI_DATUM,ADOSZAM,BEOSZTAS,LAKCIM,FIZETESE) values (3,'Karta Zoltán',to_date('09-MAR-82','DD-MON-RR'),6352418965,'conductor','Szeged, Lajta u. 16',162000);
REM INSERTING into TRAINUSER.FELHASZNALO
SET DEFINE OFF;
Insert into TRAINUSER.FELHASZNALO (FELHASZNALONEV,SZULETESI_DATUM,TELJES_NEV,BANKKARTYA,JELSZO) values ('piri',to_date('09-JUN-00','DD-MON-RR'),'Prios Blanka','1234567812345678','asdJelszo');
Insert into TRAINUSER.FELHASZNALO (FELHASZNALONEV,SZULETESI_DATUM,TELJES_NEV,BANKKARTYA,JELSZO) values ('jani',to_date('31-MAR-92','DD-MON-RR'),'Jani Béla','5246965825698547','jelszoJelszo');
Insert into TRAINUSER.FELHASZNALO (FELHASZNALONEV,SZULETESI_DATUM,TELJES_NEV,BANKKARTYA,JELSZO) values ('guten',to_date('06-DEC-74','DD-MON-RR'),'Dech Pathe','2563985698541298','pairjwfh');
REM INSERTING into TRAINUSER.JEGY
SET DEFINE OFF;
Insert into TRAINUSER.JEGY (ID,FELHASZNALO,UT,KOCSI,SZEK) values (0,'piri',0,0,0);
Insert into TRAINUSER.JEGY (ID,FELHASZNALO,UT,KOCSI,SZEK) values (1,'jani',1,2,2);
REM INSERTING into TRAINUSER.KALAUZ
SET DEFINE OFF;
Insert into TRAINUSER.KALAUZ (ID,DOLGOZO,UT) values (0,3,0);
Insert into TRAINUSER.KALAUZ (ID,DOLGOZO,UT) values (1,3,1);
Insert into TRAINUSER.KALAUZ (ID,DOLGOZO,UT) values (2,3,2);
REM INSERTING into TRAINUSER.KOCSI
SET DEFINE OFF;
Insert into TRAINUSER.KOCSI (ID,FEROHELY,TIPUS,KONNEKTOR,WIFI) values (0,60,'2',1,1);
Insert into TRAINUSER.KOCSI (ID,FEROHELY,TIPUS,KONNEKTOR,WIFI) values (1,40,'1',1,1);
Insert into TRAINUSER.KOCSI (ID,FEROHELY,TIPUS,KONNEKTOR,WIFI) values (2,70,'2',0,0);
Insert into TRAINUSER.KOCSI (ID,FEROHELY,TIPUS,KONNEKTOR,WIFI) values (3,60,'2',0,1);
REM INSERTING into TRAINUSER.MEGALLO
SET DEFINE OFF;
Insert into TRAINUSER.MEGALLO (ID,ALLOMAS,JARAT,ERKEZIK_IDO,KESIK) values (0,0,0,'10:59',0);
Insert into TRAINUSER.MEGALLO (ID,ALLOMAS,JARAT,ERKEZIK_IDO,KESIK) values (1,0,1,'14:02',1);
Insert into TRAINUSER.MEGALLO (ID,ALLOMAS,JARAT,ERKEZIK_IDO,KESIK) values (2,1,2,'02:15',0);
Insert into TRAINUSER.MEGALLO (ID,ALLOMAS,JARAT,ERKEZIK_IDO,KESIK) values (3,2,1,'00:00',0);
Insert into TRAINUSER.MEGALLO (ID,ALLOMAS,JARAT,ERKEZIK_IDO,KESIK) values (4,0,1,'02:15',0);
REM INSERTING into TRAINUSER.MENETREND
SET DEFINE OFF;
Insert into TRAINUSER.MENETREND (ID,ISMETLODES_TIPUSA,NEV,INDULASI_IDO,HET_NAPJA) values (0,1,'Stormy','6:00',2);
Insert into TRAINUSER.MENETREND (ID,ISMETLODES_TIPUSA,NEV,INDULASI_IDO,HET_NAPJA) values (1,1,'Sunny','8:32',3);
Insert into TRAINUSER.MENETREND (ID,ISMETLODES_TIPUSA,NEV,INDULASI_IDO,HET_NAPJA) values (2,2,'Weekly','10:00',6);
REM INSERTING into TRAINUSER.MOZDONY
SET DEFINE OFF;
Insert into TRAINUSER.MOZDONY (ID,GYARTASI_EV,TIPUS,HUZOERO,SEBESSEG) values (0,to_date('12-FEB-90','DD-MON-RR'),2,'20.5',120);
Insert into TRAINUSER.MOZDONY (ID,GYARTASI_EV,TIPUS,HUZOERO,SEBESSEG) values (1,to_date('21-AUG-00','DD-MON-RR'),2,'19.9',150);
Insert into TRAINUSER.MOZDONY (ID,GYARTASI_EV,TIPUS,HUZOERO,SEBESSEG) values (2,to_date('01-JAN-05','DD-MON-RR'),1,'35.1',50);
REM INSERTING into TRAINUSER.SZABADSAG
SET DEFINE OFF;
Insert into TRAINUSER.SZABADSAG (ID,DOLGOZO,KEZDETE,VEGE,JOVAHAGYOTT) values (0,0,to_date('01-JAN-20','DD-MON-RR'),to_date('07-JAN-20','DD-MON-RR'),1);
Insert into TRAINUSER.SZABADSAG (ID,DOLGOZO,KEZDETE,VEGE,JOVAHAGYOTT) values (1,1,to_date('10-FEB-20','DD-MON-RR'),to_date('15-FEB-20','DD-MON-RR'),1);
Insert into TRAINUSER.SZABADSAG (ID,DOLGOZO,KEZDETE,VEGE,JOVAHAGYOTT) values (2,2,to_date('22-MAR-20','DD-MON-RR'),to_date('24-MAR-20','DD-MON-RR'),1);
Insert into TRAINUSER.SZABADSAG (ID,DOLGOZO,KEZDETE,VEGE,JOVAHAGYOTT) values (3,3,to_date('10-APR-20','DD-MON-RR'),to_date('18-APR-20','DD-MON-RR'),1);
Insert into TRAINUSER.SZABADSAG (ID,DOLGOZO,KEZDETE,VEGE,JOVAHAGYOTT) values (4,1,to_date('23-APR-20','DD-MON-RR'),to_date('29-APR-20','DD-MON-RR'),0);
REM INSERTING into TRAINUSER.SZEK
SET DEFINE OFF;
Insert into TRAINUSER.SZEK (ID,TIPUS,ASZTAL,ABLAK,KOCSI,SZEK_SZAM) values (2,3,1,1,1,21);
Insert into TRAINUSER.SZEK (ID,TIPUS,ASZTAL,ABLAK,KOCSI,SZEK_SZAM) values (0,2,0,0,0,11);
Insert into TRAINUSER.SZEK (ID,TIPUS,ASZTAL,ABLAK,KOCSI,SZEK_SZAM) values (1,2,0,1,0,10);
REM INSERTING into TRAINUSER.SZERELVENY
SET DEFINE OFF;
Insert into TRAINUSER.SZERELVENY (ID,MOZDONY) values (0,1);
Insert into TRAINUSER.SZERELVENY (ID,MOZDONY) values (1,1);
Insert into TRAINUSER.SZERELVENY (ID,MOZDONY) values (2,1);
Insert into TRAINUSER.SZERELVENY (ID,MOZDONY) values (3,1);
Insert into TRAINUSER.SZERELVENY (ID,MOZDONY) values (4,0);
Insert into TRAINUSER.SZERELVENY (ID,MOZDONY) values (5,0);
Insert into TRAINUSER.SZERELVENY (ID,MOZDONY) values (6,0);
REM INSERTING into TRAINUSER.SZERELVENY_KOCSIK
SET DEFINE OFF;
Insert into TRAINUSER.SZERELVENY_KOCSIK (ID,SZERELVENY,KOCSI) values (0,0,0);
Insert into TRAINUSER.SZERELVENY_KOCSIK (ID,SZERELVENY,KOCSI) values (1,0,1);
Insert into TRAINUSER.SZERELVENY_KOCSIK (ID,SZERELVENY,KOCSI) values (2,1,2);
Insert into TRAINUSER.SZERELVENY_KOCSIK (ID,SZERELVENY,KOCSI) values (3,1,3);
REM INSERTING into TRAINUSER.UTAK
SET DEFINE OFF;
Insert into TRAINUSER.UTAK (ID,MENETREND,IDO,SZERELVENY) values (1,1,to_date('15-APR-20','DD-MON-RR'),1);
Insert into TRAINUSER.UTAK (ID,MENETREND,IDO,SZERELVENY) values (2,2,to_date('11-APR-20','DD-MON-RR'),5);
Insert into TRAINUSER.UTAK (ID,MENETREND,IDO,SZERELVENY) values (0,0,to_date('14-APR-20','DD-MON-RR'),0);
--------------------------------------------------------
--  DDL for Index ALLOMAS_ID
--------------------------------------------------------

  CREATE UNIQUE INDEX "TRAINUSER"."ALLOMAS_ID" ON "TRAINUSER"."ALLOMAS" ("ID") 
  PCTFREE 10 INITRANS 2 MAXTRANS 255 COMPUTE STATISTICS 
  STORAGE(INITIAL 65536 NEXT 1048576 MINEXTENTS 1 MAXEXTENTS 2147483645
  PCTINCREASE 0 FREELISTS 1 FREELIST GROUPS 1
  BUFFER_POOL DEFAULT FLASH_CACHE DEFAULT CELL_FLASH_CACHE DEFAULT)
  TABLESPACE "USERS" ;
--------------------------------------------------------
--  DDL for Index ALLOMAS_DOLGOZO_ID
--------------------------------------------------------

  CREATE UNIQUE INDEX "TRAINUSER"."ALLOMAS_DOLGOZO_ID" ON "TRAINUSER"."ALLOMAS_DOLGOZO" ("ID") 
  PCTFREE 10 INITRANS 2 MAXTRANS 255 COMPUTE STATISTICS 
  STORAGE(INITIAL 65536 NEXT 1048576 MINEXTENTS 1 MAXEXTENTS 2147483645
  PCTINCREASE 0 FREELISTS 1 FREELIST GROUPS 1
  BUFFER_POOL DEFAULT FLASH_CACHE DEFAULT CELL_FLASH_CACHE DEFAULT)
  TABLESPACE "USERS" ;
--------------------------------------------------------
--  DDL for Index DOLGOZO_ID
--------------------------------------------------------

  CREATE UNIQUE INDEX "TRAINUSER"."DOLGOZO_ID" ON "TRAINUSER"."DOLGOZO" ("ID") 
  PCTFREE 10 INITRANS 2 MAXTRANS 255 COMPUTE STATISTICS 
  STORAGE(INITIAL 65536 NEXT 1048576 MINEXTENTS 1 MAXEXTENTS 2147483645
  PCTINCREASE 0 FREELISTS 1 FREELIST GROUPS 1
  BUFFER_POOL DEFAULT FLASH_CACHE DEFAULT CELL_FLASH_CACHE DEFAULT)
  TABLESPACE "USERS" ;
--------------------------------------------------------
--  DDL for Index FELHASZNALO_ID
--------------------------------------------------------

  CREATE UNIQUE INDEX "TRAINUSER"."FELHASZNALO_ID" ON "TRAINUSER"."FELHASZNALO" ("FELHASZNALONEV") 
  PCTFREE 10 INITRANS 2 MAXTRANS 255 COMPUTE STATISTICS 
  STORAGE(INITIAL 65536 NEXT 1048576 MINEXTENTS 1 MAXEXTENTS 2147483645
  PCTINCREASE 0 FREELISTS 1 FREELIST GROUPS 1
  BUFFER_POOL DEFAULT FLASH_CACHE DEFAULT CELL_FLASH_CACHE DEFAULT)
  TABLESPACE "USERS" ;
--------------------------------------------------------
--  DDL for Index JEGY_ID
--------------------------------------------------------

  CREATE UNIQUE INDEX "TRAINUSER"."JEGY_ID" ON "TRAINUSER"."JEGY" ("ID") 
  PCTFREE 10 INITRANS 2 MAXTRANS 255 COMPUTE STATISTICS 
  STORAGE(INITIAL 65536 NEXT 1048576 MINEXTENTS 1 MAXEXTENTS 2147483645
  PCTINCREASE 0 FREELISTS 1 FREELIST GROUPS 1
  BUFFER_POOL DEFAULT FLASH_CACHE DEFAULT CELL_FLASH_CACHE DEFAULT)
  TABLESPACE "USERS" ;
--------------------------------------------------------
--  DDL for Index KALAUZ_ID
--------------------------------------------------------

  CREATE UNIQUE INDEX "TRAINUSER"."KALAUZ_ID" ON "TRAINUSER"."KALAUZ" ("ID") 
  PCTFREE 10 INITRANS 2 MAXTRANS 255 COMPUTE STATISTICS 
  STORAGE(INITIAL 65536 NEXT 1048576 MINEXTENTS 1 MAXEXTENTS 2147483645
  PCTINCREASE 0 FREELISTS 1 FREELIST GROUPS 1
  BUFFER_POOL DEFAULT FLASH_CACHE DEFAULT CELL_FLASH_CACHE DEFAULT)
  TABLESPACE "USERS" ;
--------------------------------------------------------
--  DDL for Index KOCSI_ID
--------------------------------------------------------

  CREATE UNIQUE INDEX "TRAINUSER"."KOCSI_ID" ON "TRAINUSER"."KOCSI" ("ID") 
  PCTFREE 10 INITRANS 2 MAXTRANS 255 COMPUTE STATISTICS 
  STORAGE(INITIAL 65536 NEXT 1048576 MINEXTENTS 1 MAXEXTENTS 2147483645
  PCTINCREASE 0 FREELISTS 1 FREELIST GROUPS 1
  BUFFER_POOL DEFAULT FLASH_CACHE DEFAULT CELL_FLASH_CACHE DEFAULT)
  TABLESPACE "USERS" ;
--------------------------------------------------------
--  DDL for Index MEGALLO_ID
--------------------------------------------------------

  CREATE UNIQUE INDEX "TRAINUSER"."MEGALLO_ID" ON "TRAINUSER"."MEGALLO" ("ID") 
  PCTFREE 10 INITRANS 2 MAXTRANS 255 COMPUTE STATISTICS 
  STORAGE(INITIAL 65536 NEXT 1048576 MINEXTENTS 1 MAXEXTENTS 2147483645
  PCTINCREASE 0 FREELISTS 1 FREELIST GROUPS 1
  BUFFER_POOL DEFAULT FLASH_CACHE DEFAULT CELL_FLASH_CACHE DEFAULT)
  TABLESPACE "USERS" ;
--------------------------------------------------------
--  DDL for Index MENETREND_ID
--------------------------------------------------------

  CREATE UNIQUE INDEX "TRAINUSER"."MENETREND_ID" ON "TRAINUSER"."MENETREND" ("ID") 
  PCTFREE 10 INITRANS 2 MAXTRANS 255 COMPUTE STATISTICS 
  STORAGE(INITIAL 65536 NEXT 1048576 MINEXTENTS 1 MAXEXTENTS 2147483645
  PCTINCREASE 0 FREELISTS 1 FREELIST GROUPS 1
  BUFFER_POOL DEFAULT FLASH_CACHE DEFAULT CELL_FLASH_CACHE DEFAULT)
  TABLESPACE "USERS" ;
--------------------------------------------------------
--  DDL for Index MOZDONY_ID
--------------------------------------------------------

  CREATE UNIQUE INDEX "TRAINUSER"."MOZDONY_ID" ON "TRAINUSER"."MOZDONY" ("ID") 
  PCTFREE 10 INITRANS 2 MAXTRANS 255 COMPUTE STATISTICS 
  STORAGE(INITIAL 65536 NEXT 1048576 MINEXTENTS 1 MAXEXTENTS 2147483645
  PCTINCREASE 0 FREELISTS 1 FREELIST GROUPS 1
  BUFFER_POOL DEFAULT FLASH_CACHE DEFAULT CELL_FLASH_CACHE DEFAULT)
  TABLESPACE "USERS" ;
--------------------------------------------------------
--  DDL for Index SZABADSAG_ID
--------------------------------------------------------

  CREATE UNIQUE INDEX "TRAINUSER"."SZABADSAG_ID" ON "TRAINUSER"."SZABADSAG" ("ID") 
  PCTFREE 10 INITRANS 2 MAXTRANS 255 COMPUTE STATISTICS 
  STORAGE(INITIAL 65536 NEXT 1048576 MINEXTENTS 1 MAXEXTENTS 2147483645
  PCTINCREASE 0 FREELISTS 1 FREELIST GROUPS 1
  BUFFER_POOL DEFAULT FLASH_CACHE DEFAULT CELL_FLASH_CACHE DEFAULT)
  TABLESPACE "USERS" ;
--------------------------------------------------------
--  DDL for Index SZEK_ID
--------------------------------------------------------

  CREATE UNIQUE INDEX "TRAINUSER"."SZEK_ID" ON "TRAINUSER"."SZEK" ("ID") 
  PCTFREE 10 INITRANS 2 MAXTRANS 255 COMPUTE STATISTICS 
  STORAGE(INITIAL 65536 NEXT 1048576 MINEXTENTS 1 MAXEXTENTS 2147483645
  PCTINCREASE 0 FREELISTS 1 FREELIST GROUPS 1
  BUFFER_POOL DEFAULT FLASH_CACHE DEFAULT CELL_FLASH_CACHE DEFAULT)
  TABLESPACE "USERS" ;
--------------------------------------------------------
--  DDL for Index SZERELVENY_ID
--------------------------------------------------------

  CREATE UNIQUE INDEX "TRAINUSER"."SZERELVENY_ID" ON "TRAINUSER"."SZERELVENY" ("ID") 
  PCTFREE 10 INITRANS 2 MAXTRANS 255 COMPUTE STATISTICS 
  STORAGE(INITIAL 65536 NEXT 1048576 MINEXTENTS 1 MAXEXTENTS 2147483645
  PCTINCREASE 0 FREELISTS 1 FREELIST GROUPS 1
  BUFFER_POOL DEFAULT FLASH_CACHE DEFAULT CELL_FLASH_CACHE DEFAULT)
  TABLESPACE "USERS" ;
--------------------------------------------------------
--  DDL for Index SZERELVENY_KOCSIK_ID
--------------------------------------------------------

  CREATE UNIQUE INDEX "TRAINUSER"."SZERELVENY_KOCSIK_ID" ON "TRAINUSER"."SZERELVENY_KOCSIK" ("ID") 
  PCTFREE 10 INITRANS 2 MAXTRANS 255 COMPUTE STATISTICS 
  STORAGE(INITIAL 65536 NEXT 1048576 MINEXTENTS 1 MAXEXTENTS 2147483645
  PCTINCREASE 0 FREELISTS 1 FREELIST GROUPS 1
  BUFFER_POOL DEFAULT FLASH_CACHE DEFAULT CELL_FLASH_CACHE DEFAULT)
  TABLESPACE "USERS" ;
--------------------------------------------------------
--  DDL for Index UTAK_ID
--------------------------------------------------------

  CREATE UNIQUE INDEX "TRAINUSER"."UTAK_ID" ON "TRAINUSER"."UTAK" ("ID") 
  PCTFREE 10 INITRANS 2 MAXTRANS 255 COMPUTE STATISTICS 
  STORAGE(INITIAL 65536 NEXT 1048576 MINEXTENTS 1 MAXEXTENTS 2147483645
  PCTINCREASE 0 FREELISTS 1 FREELIST GROUPS 1
  BUFFER_POOL DEFAULT FLASH_CACHE DEFAULT CELL_FLASH_CACHE DEFAULT)
  TABLESPACE "USERS" ;
--------------------------------------------------------
--  Constraints for Table ALLOMAS
--------------------------------------------------------

  ALTER TABLE "TRAINUSER"."ALLOMAS" ADD CONSTRAINT "ALLOMAS_ID" PRIMARY KEY ("ID")
  USING INDEX PCTFREE 10 INITRANS 2 MAXTRANS 255 COMPUTE STATISTICS 
  STORAGE(INITIAL 65536 NEXT 1048576 MINEXTENTS 1 MAXEXTENTS 2147483645
  PCTINCREASE 0 FREELISTS 1 FREELIST GROUPS 1
  BUFFER_POOL DEFAULT FLASH_CACHE DEFAULT CELL_FLASH_CACHE DEFAULT)
  TABLESPACE "USERS"  ENABLE;
  ALTER TABLE "TRAINUSER"."ALLOMAS" MODIFY ("ID" NOT NULL ENABLE);
  ALTER TABLE "TRAINUSER"."ALLOMAS" MODIFY ("NEVE" NOT NULL ENABLE);
  ALTER TABLE "TRAINUSER"."ALLOMAS" MODIFY ("PERON_SZAM" NOT NULL ENABLE);
  ALTER TABLE "TRAINUSER"."ALLOMAS" MODIFY ("KAVEZO" NOT NULL ENABLE);
  ALTER TABLE "TRAINUSER"."ALLOMAS" MODIFY ("JEGYPENZTAR" NOT NULL ENABLE);
  ALTER TABLE "TRAINUSER"."ALLOMAS" MODIFY ("INFO_PONT" NOT NULL ENABLE);
  ALTER TABLE "TRAINUSER"."ALLOMAS" MODIFY ("WIFI" NOT NULL ENABLE);
  ALTER TABLE "TRAINUSER"."ALLOMAS" MODIFY ("MOZGASKORLATOZOTT_ELERES" NOT NULL ENABLE);
--------------------------------------------------------
--  Constraints for Table ALLOMAS_DOLGOZO
--------------------------------------------------------

  ALTER TABLE "TRAINUSER"."ALLOMAS_DOLGOZO" ADD CONSTRAINT "ALLOMAS_DOLGOZO_ID" PRIMARY KEY ("ID")
  USING INDEX PCTFREE 10 INITRANS 2 MAXTRANS 255 COMPUTE STATISTICS 
  STORAGE(INITIAL 65536 NEXT 1048576 MINEXTENTS 1 MAXEXTENTS 2147483645
  PCTINCREASE 0 FREELISTS 1 FREELIST GROUPS 1
  BUFFER_POOL DEFAULT FLASH_CACHE DEFAULT CELL_FLASH_CACHE DEFAULT)
  TABLESPACE "USERS"  ENABLE;
  ALTER TABLE "TRAINUSER"."ALLOMAS_DOLGOZO" MODIFY ("ID" NOT NULL ENABLE);
  ALTER TABLE "TRAINUSER"."ALLOMAS_DOLGOZO" MODIFY ("DOLGOZO" NOT NULL ENABLE);
  ALTER TABLE "TRAINUSER"."ALLOMAS_DOLGOZO" MODIFY ("ALLOMAS" NOT NULL ENABLE);
--------------------------------------------------------
--  Constraints for Table DOLGOZO
--------------------------------------------------------

  ALTER TABLE "TRAINUSER"."DOLGOZO" ADD CONSTRAINT "DOLGOZO_ID" PRIMARY KEY ("ID")
  USING INDEX PCTFREE 10 INITRANS 2 MAXTRANS 255 COMPUTE STATISTICS 
  STORAGE(INITIAL 65536 NEXT 1048576 MINEXTENTS 1 MAXEXTENTS 2147483645
  PCTINCREASE 0 FREELISTS 1 FREELIST GROUPS 1
  BUFFER_POOL DEFAULT FLASH_CACHE DEFAULT CELL_FLASH_CACHE DEFAULT)
  TABLESPACE "USERS"  ENABLE;
  ALTER TABLE "TRAINUSER"."DOLGOZO" MODIFY ("ID" NOT NULL ENABLE);
  ALTER TABLE "TRAINUSER"."DOLGOZO" MODIFY ("NEV" NOT NULL ENABLE);
  ALTER TABLE "TRAINUSER"."DOLGOZO" MODIFY ("SZULETESI_DATUM" NOT NULL ENABLE);
  ALTER TABLE "TRAINUSER"."DOLGOZO" MODIFY ("ADOSZAM" NOT NULL ENABLE);
  ALTER TABLE "TRAINUSER"."DOLGOZO" MODIFY ("BEOSZTAS" NOT NULL ENABLE);
  ALTER TABLE "TRAINUSER"."DOLGOZO" MODIFY ("LAKCIM" NOT NULL ENABLE);
  ALTER TABLE "TRAINUSER"."DOLGOZO" MODIFY ("FIZETESE" NOT NULL ENABLE);
--------------------------------------------------------
--  Constraints for Table FELHASZNALO
--------------------------------------------------------

  ALTER TABLE "TRAINUSER"."FELHASZNALO" ADD CONSTRAINT "FELHASZNALO_ID" PRIMARY KEY ("FELHASZNALONEV")
  USING INDEX PCTFREE 10 INITRANS 2 MAXTRANS 255 COMPUTE STATISTICS 
  STORAGE(INITIAL 65536 NEXT 1048576 MINEXTENTS 1 MAXEXTENTS 2147483645
  PCTINCREASE 0 FREELISTS 1 FREELIST GROUPS 1
  BUFFER_POOL DEFAULT FLASH_CACHE DEFAULT CELL_FLASH_CACHE DEFAULT)
  TABLESPACE "USERS"  ENABLE;
  ALTER TABLE "TRAINUSER"."FELHASZNALO" MODIFY ("SZULETESI_DATUM" NOT NULL ENABLE);
  ALTER TABLE "TRAINUSER"."FELHASZNALO" MODIFY ("TELJES_NEV" NOT NULL ENABLE);
  ALTER TABLE "TRAINUSER"."FELHASZNALO" MODIFY ("FELHASZNALONEV" NOT NULL ENABLE);
  ALTER TABLE "TRAINUSER"."FELHASZNALO" MODIFY ("JELSZO" NOT NULL ENABLE);
  ALTER TABLE "TRAINUSER"."FELHASZNALO" MODIFY ("BANKKARTYA" NOT NULL ENABLE);
--------------------------------------------------------
--  Constraints for Table JEGY
--------------------------------------------------------

  ALTER TABLE "TRAINUSER"."JEGY" ADD CONSTRAINT "JEGY_ID" PRIMARY KEY ("ID")
  USING INDEX PCTFREE 10 INITRANS 2 MAXTRANS 255 COMPUTE STATISTICS 
  STORAGE(INITIAL 65536 NEXT 1048576 MINEXTENTS 1 MAXEXTENTS 2147483645
  PCTINCREASE 0 FREELISTS 1 FREELIST GROUPS 1
  BUFFER_POOL DEFAULT FLASH_CACHE DEFAULT CELL_FLASH_CACHE DEFAULT)
  TABLESPACE "USERS"  ENABLE;
  ALTER TABLE "TRAINUSER"."JEGY" MODIFY ("ID" NOT NULL ENABLE);
  ALTER TABLE "TRAINUSER"."JEGY" MODIFY ("FELHASZNALO" NOT NULL ENABLE);
  ALTER TABLE "TRAINUSER"."JEGY" MODIFY ("UT" NOT NULL ENABLE);
  ALTER TABLE "TRAINUSER"."JEGY" MODIFY ("KOCSI" NOT NULL ENABLE);
  ALTER TABLE "TRAINUSER"."JEGY" MODIFY ("SZEK" NOT NULL ENABLE);
--------------------------------------------------------
--  Constraints for Table KALAUZ
--------------------------------------------------------

  ALTER TABLE "TRAINUSER"."KALAUZ" ADD CONSTRAINT "KALAUZ_ID" PRIMARY KEY ("ID")
  USING INDEX PCTFREE 10 INITRANS 2 MAXTRANS 255 COMPUTE STATISTICS 
  STORAGE(INITIAL 65536 NEXT 1048576 MINEXTENTS 1 MAXEXTENTS 2147483645
  PCTINCREASE 0 FREELISTS 1 FREELIST GROUPS 1
  BUFFER_POOL DEFAULT FLASH_CACHE DEFAULT CELL_FLASH_CACHE DEFAULT)
  TABLESPACE "USERS"  ENABLE;
  ALTER TABLE "TRAINUSER"."KALAUZ" MODIFY ("ID" NOT NULL ENABLE);
  ALTER TABLE "TRAINUSER"."KALAUZ" MODIFY ("DOLGOZO" NOT NULL ENABLE);
  ALTER TABLE "TRAINUSER"."KALAUZ" MODIFY ("UT" NOT NULL ENABLE);
--------------------------------------------------------
--  Constraints for Table KOCSI
--------------------------------------------------------

  ALTER TABLE "TRAINUSER"."KOCSI" ADD CONSTRAINT "KOCSI_ID" PRIMARY KEY ("ID")
  USING INDEX PCTFREE 10 INITRANS 2 MAXTRANS 255 COMPUTE STATISTICS 
  STORAGE(INITIAL 65536 NEXT 1048576 MINEXTENTS 1 MAXEXTENTS 2147483645
  PCTINCREASE 0 FREELISTS 1 FREELIST GROUPS 1
  BUFFER_POOL DEFAULT FLASH_CACHE DEFAULT CELL_FLASH_CACHE DEFAULT)
  TABLESPACE "USERS"  ENABLE;
  ALTER TABLE "TRAINUSER"."KOCSI" MODIFY ("ID" NOT NULL ENABLE);
  ALTER TABLE "TRAINUSER"."KOCSI" MODIFY ("FEROHELY" NOT NULL ENABLE);
  ALTER TABLE "TRAINUSER"."KOCSI" MODIFY ("TIPUS" NOT NULL ENABLE);
  ALTER TABLE "TRAINUSER"."KOCSI" MODIFY ("KONNEKTOR" NOT NULL ENABLE);
  ALTER TABLE "TRAINUSER"."KOCSI" MODIFY ("WIFI" NOT NULL ENABLE);
--------------------------------------------------------
--  Constraints for Table MEGALLO
--------------------------------------------------------

  ALTER TABLE "TRAINUSER"."MEGALLO" ADD CONSTRAINT "MEGALLO_ID" PRIMARY KEY ("ID")
  USING INDEX PCTFREE 10 INITRANS 2 MAXTRANS 255 COMPUTE STATISTICS 
  STORAGE(INITIAL 65536 NEXT 1048576 MINEXTENTS 1 MAXEXTENTS 2147483645
  PCTINCREASE 0 FREELISTS 1 FREELIST GROUPS 1
  BUFFER_POOL DEFAULT FLASH_CACHE DEFAULT CELL_FLASH_CACHE DEFAULT)
  TABLESPACE "USERS"  ENABLE;
  ALTER TABLE "TRAINUSER"."MEGALLO" MODIFY ("ID" NOT NULL ENABLE);
  ALTER TABLE "TRAINUSER"."MEGALLO" MODIFY ("ALLOMAS" NOT NULL ENABLE);
  ALTER TABLE "TRAINUSER"."MEGALLO" MODIFY ("JARAT" NOT NULL ENABLE);
  ALTER TABLE "TRAINUSER"."MEGALLO" MODIFY ("ERKEZIK_IDO" NOT NULL ENABLE);
  ALTER TABLE "TRAINUSER"."MEGALLO" MODIFY ("KESIK" NOT NULL ENABLE);
--------------------------------------------------------
--  Constraints for Table MENETREND
--------------------------------------------------------

  ALTER TABLE "TRAINUSER"."MENETREND" ADD CONSTRAINT "MENETREND_ID" PRIMARY KEY ("ID")
  USING INDEX PCTFREE 10 INITRANS 2 MAXTRANS 255 COMPUTE STATISTICS 
  STORAGE(INITIAL 65536 NEXT 1048576 MINEXTENTS 1 MAXEXTENTS 2147483645
  PCTINCREASE 0 FREELISTS 1 FREELIST GROUPS 1
  BUFFER_POOL DEFAULT FLASH_CACHE DEFAULT CELL_FLASH_CACHE DEFAULT)
  TABLESPACE "USERS"  ENABLE;
  ALTER TABLE "TRAINUSER"."MENETREND" MODIFY ("ID" NOT NULL ENABLE);
  ALTER TABLE "TRAINUSER"."MENETREND" MODIFY ("ISMETLODES_TIPUSA" NOT NULL ENABLE);
  ALTER TABLE "TRAINUSER"."MENETREND" MODIFY ("NEV" NOT NULL ENABLE);
  ALTER TABLE "TRAINUSER"."MENETREND" MODIFY ("INDULASI_IDO" NOT NULL ENABLE);
  ALTER TABLE "TRAINUSER"."MENETREND" MODIFY ("HET_NAPJA" NOT NULL ENABLE);
--------------------------------------------------------
--  Constraints for Table MOZDONY
--------------------------------------------------------

  ALTER TABLE "TRAINUSER"."MOZDONY" ADD CONSTRAINT "MOZDONY_ID" PRIMARY KEY ("ID")
  USING INDEX PCTFREE 10 INITRANS 2 MAXTRANS 255 COMPUTE STATISTICS 
  STORAGE(INITIAL 65536 NEXT 1048576 MINEXTENTS 1 MAXEXTENTS 2147483645
  PCTINCREASE 0 FREELISTS 1 FREELIST GROUPS 1
  BUFFER_POOL DEFAULT FLASH_CACHE DEFAULT CELL_FLASH_CACHE DEFAULT)
  TABLESPACE "USERS"  ENABLE;
  ALTER TABLE "TRAINUSER"."MOZDONY" MODIFY ("ID" NOT NULL ENABLE);
  ALTER TABLE "TRAINUSER"."MOZDONY" MODIFY ("GYARTASI_EV" NOT NULL ENABLE);
  ALTER TABLE "TRAINUSER"."MOZDONY" MODIFY ("TIPUS" NOT NULL ENABLE);
  ALTER TABLE "TRAINUSER"."MOZDONY" MODIFY ("SEBESSEG" NOT NULL ENABLE);
  ALTER TABLE "TRAINUSER"."MOZDONY" MODIFY ("HUZOERO" NOT NULL ENABLE);
--------------------------------------------------------
--  Constraints for Table SZABADSAG
--------------------------------------------------------

  ALTER TABLE "TRAINUSER"."SZABADSAG" MODIFY ("ID" NOT NULL ENABLE);
  ALTER TABLE "TRAINUSER"."SZABADSAG" MODIFY ("DOLGOZO" NOT NULL ENABLE);
  ALTER TABLE "TRAINUSER"."SZABADSAG" MODIFY ("KEZDETE" NOT NULL ENABLE);
  ALTER TABLE "TRAINUSER"."SZABADSAG" MODIFY ("VEGE" NOT NULL ENABLE);
  ALTER TABLE "TRAINUSER"."SZABADSAG" MODIFY ("JOVAHAGYOTT" NOT NULL ENABLE);
  ALTER TABLE "TRAINUSER"."SZABADSAG" ADD CONSTRAINT "SZABADSAG_ID" PRIMARY KEY ("ID")
  USING INDEX PCTFREE 10 INITRANS 2 MAXTRANS 255 COMPUTE STATISTICS 
  STORAGE(INITIAL 65536 NEXT 1048576 MINEXTENTS 1 MAXEXTENTS 2147483645
  PCTINCREASE 0 FREELISTS 1 FREELIST GROUPS 1
  BUFFER_POOL DEFAULT FLASH_CACHE DEFAULT CELL_FLASH_CACHE DEFAULT)
  TABLESPACE "USERS"  ENABLE;
--------------------------------------------------------
--  Constraints for Table SZEK
--------------------------------------------------------

  ALTER TABLE "TRAINUSER"."SZEK" MODIFY ("ID" NOT NULL ENABLE);
  ALTER TABLE "TRAINUSER"."SZEK" MODIFY ("TIPUS" NOT NULL ENABLE);
  ALTER TABLE "TRAINUSER"."SZEK" MODIFY ("ASZTAL" NOT NULL ENABLE);
  ALTER TABLE "TRAINUSER"."SZEK" MODIFY ("ABLAK" NOT NULL ENABLE);
  ALTER TABLE "TRAINUSER"."SZEK" MODIFY ("KOCSI" NOT NULL ENABLE);
  ALTER TABLE "TRAINUSER"."SZEK" ADD CONSTRAINT "SZEK_ID" PRIMARY KEY ("ID")
  USING INDEX PCTFREE 10 INITRANS 2 MAXTRANS 255 COMPUTE STATISTICS 
  STORAGE(INITIAL 65536 NEXT 1048576 MINEXTENTS 1 MAXEXTENTS 2147483645
  PCTINCREASE 0 FREELISTS 1 FREELIST GROUPS 1
  BUFFER_POOL DEFAULT FLASH_CACHE DEFAULT CELL_FLASH_CACHE DEFAULT)
  TABLESPACE "USERS"  ENABLE;
  ALTER TABLE "TRAINUSER"."SZEK" MODIFY ("SZEK_SZAM" NOT NULL ENABLE);
--------------------------------------------------------
--  Constraints for Table SZERELVENY
--------------------------------------------------------

  ALTER TABLE "TRAINUSER"."SZERELVENY" MODIFY ("ID" NOT NULL ENABLE);
  ALTER TABLE "TRAINUSER"."SZERELVENY" MODIFY ("MOZDONY" NOT NULL ENABLE);
  ALTER TABLE "TRAINUSER"."SZERELVENY" ADD CONSTRAINT "SZERELVENY_ID" PRIMARY KEY ("ID")
  USING INDEX PCTFREE 10 INITRANS 2 MAXTRANS 255 COMPUTE STATISTICS 
  STORAGE(INITIAL 65536 NEXT 1048576 MINEXTENTS 1 MAXEXTENTS 2147483645
  PCTINCREASE 0 FREELISTS 1 FREELIST GROUPS 1
  BUFFER_POOL DEFAULT FLASH_CACHE DEFAULT CELL_FLASH_CACHE DEFAULT)
  TABLESPACE "USERS"  ENABLE;
--------------------------------------------------------
--  Constraints for Table SZERELVENY_KOCSIK
--------------------------------------------------------

  ALTER TABLE "TRAINUSER"."SZERELVENY_KOCSIK" MODIFY ("ID" NOT NULL ENABLE);
  ALTER TABLE "TRAINUSER"."SZERELVENY_KOCSIK" MODIFY ("SZERELVENY" NOT NULL ENABLE);
  ALTER TABLE "TRAINUSER"."SZERELVENY_KOCSIK" MODIFY ("KOCSI" NOT NULL ENABLE);
  ALTER TABLE "TRAINUSER"."SZERELVENY_KOCSIK" ADD CONSTRAINT "SZERELVENY_KOCSIK_ID" PRIMARY KEY ("ID")
  USING INDEX PCTFREE 10 INITRANS 2 MAXTRANS 255 COMPUTE STATISTICS 
  STORAGE(INITIAL 65536 NEXT 1048576 MINEXTENTS 1 MAXEXTENTS 2147483645
  PCTINCREASE 0 FREELISTS 1 FREELIST GROUPS 1
  BUFFER_POOL DEFAULT FLASH_CACHE DEFAULT CELL_FLASH_CACHE DEFAULT)
  TABLESPACE "USERS"  ENABLE;
--------------------------------------------------------
--  Constraints for Table UTAK
--------------------------------------------------------

  ALTER TABLE "TRAINUSER"."UTAK" MODIFY ("ID" NOT NULL ENABLE);
  ALTER TABLE "TRAINUSER"."UTAK" MODIFY ("MENETREND" NOT NULL ENABLE);
  ALTER TABLE "TRAINUSER"."UTAK" MODIFY ("IDO" NOT NULL ENABLE);
  ALTER TABLE "TRAINUSER"."UTAK" MODIFY ("SZERELVENY" NOT NULL ENABLE);
  ALTER TABLE "TRAINUSER"."UTAK" ADD CONSTRAINT "UTAK_ID" PRIMARY KEY ("ID")
  USING INDEX PCTFREE 10 INITRANS 2 MAXTRANS 255 COMPUTE STATISTICS 
  STORAGE(INITIAL 65536 NEXT 1048576 MINEXTENTS 1 MAXEXTENTS 2147483645
  PCTINCREASE 0 FREELISTS 1 FREELIST GROUPS 1
  BUFFER_POOL DEFAULT FLASH_CACHE DEFAULT CELL_FLASH_CACHE DEFAULT)
  TABLESPACE "USERS"  ENABLE;
--------------------------------------------------------
--  Ref Constraints for Table ALLOMAS_DOLGOZO
--------------------------------------------------------

  ALTER TABLE "TRAINUSER"."ALLOMAS_DOLGOZO" ADD CONSTRAINT "FK_ALLOMAS_DOLGOZO_ALLOMAS_ID" FOREIGN KEY ("ALLOMAS")
	  REFERENCES "TRAINUSER"."ALLOMAS" ("ID") ENABLE;
  ALTER TABLE "TRAINUSER"."ALLOMAS_DOLGOZO" ADD CONSTRAINT "FK_ALLOMAS_DOLGOZO_DOLGOZO_ID" FOREIGN KEY ("DOLGOZO")
	  REFERENCES "TRAINUSER"."DOLGOZO" ("ID") ENABLE;
--------------------------------------------------------
--  Ref Constraints for Table JEGY
--------------------------------------------------------

  ALTER TABLE "TRAINUSER"."JEGY" ADD CONSTRAINT "FK_JEGY_UT_ID" FOREIGN KEY ("UT")
	  REFERENCES "TRAINUSER"."UTAK" ("ID") ENABLE;
  ALTER TABLE "TRAINUSER"."JEGY" ADD CONSTRAINT "FK_JEGY_FELHASZNALO" FOREIGN KEY ("FELHASZNALO")
	  REFERENCES "TRAINUSER"."FELHASZNALO" ("FELHASZNALONEV") ENABLE;
  ALTER TABLE "TRAINUSER"."JEGY" ADD CONSTRAINT "FK_JEGY_KOCSI" FOREIGN KEY ("KOCSI")
	  REFERENCES "TRAINUSER"."KOCSI" ("ID") ENABLE;
  ALTER TABLE "TRAINUSER"."JEGY" ADD CONSTRAINT "FK_JEGY_SZEK" FOREIGN KEY ("SZEK")
	  REFERENCES "TRAINUSER"."SZEK" ("ID") ENABLE;
--------------------------------------------------------
--  Ref Constraints for Table KALAUZ
--------------------------------------------------------

  ALTER TABLE "TRAINUSER"."KALAUZ" ADD CONSTRAINT "FK_KALAUZ_DOLGOZO" FOREIGN KEY ("DOLGOZO")
	  REFERENCES "TRAINUSER"."DOLGOZO" ("ID") ENABLE;
  ALTER TABLE "TRAINUSER"."KALAUZ" ADD CONSTRAINT "FK_KALAUZ_UT_ID" FOREIGN KEY ("UT")
	  REFERENCES "TRAINUSER"."UTAK" ("ID") ENABLE;
--------------------------------------------------------
--  Ref Constraints for Table MEGALLO
--------------------------------------------------------

  ALTER TABLE "TRAINUSER"."MEGALLO" ADD CONSTRAINT "FK_MEGALLO_ALLOMAS_ID" FOREIGN KEY ("ALLOMAS")
	  REFERENCES "TRAINUSER"."ALLOMAS" ("ID") ENABLE;
  ALTER TABLE "TRAINUSER"."MEGALLO" ADD CONSTRAINT "FK_MENETREND_JARAT_ID" FOREIGN KEY ("JARAT")
	  REFERENCES "TRAINUSER"."MENETREND" ("ID") ENABLE;
--------------------------------------------------------
--  Ref Constraints for Table SZABADSAG
--------------------------------------------------------

  ALTER TABLE "TRAINUSER"."SZABADSAG" ADD CONSTRAINT "FK_SZABADSAG_DOLGOZO" FOREIGN KEY ("DOLGOZO")
	  REFERENCES "TRAINUSER"."DOLGOZO" ("ID") ENABLE;
--------------------------------------------------------
--  Ref Constraints for Table SZEK
--------------------------------------------------------

  ALTER TABLE "TRAINUSER"."SZEK" ADD CONSTRAINT "FK_SZEK_KOCSI" FOREIGN KEY ("KOCSI")
	  REFERENCES "TRAINUSER"."KOCSI" ("ID") ENABLE;
--------------------------------------------------------
--  Ref Constraints for Table SZERELVENY
--------------------------------------------------------

  ALTER TABLE "TRAINUSER"."SZERELVENY" ADD CONSTRAINT "FK_SZERELVENY_MOZDONY_ID" FOREIGN KEY ("MOZDONY")
	  REFERENCES "TRAINUSER"."MOZDONY" ("ID") ENABLE;
--------------------------------------------------------
--  Ref Constraints for Table SZERELVENY_KOCSIK
--------------------------------------------------------

  ALTER TABLE "TRAINUSER"."SZERELVENY_KOCSIK" ADD CONSTRAINT "FK_SZERELVENYKOCSIK_KOCSI" FOREIGN KEY ("KOCSI")
	  REFERENCES "TRAINUSER"."KOCSI" ("ID") ENABLE;
  ALTER TABLE "TRAINUSER"."SZERELVENY_KOCSIK" ADD CONSTRAINT "FK_SZERELVENYKOCSIK_SZERELVENY" FOREIGN KEY ("SZERELVENY")
	  REFERENCES "TRAINUSER"."SZERELVENY" ("ID") ENABLE;
--------------------------------------------------------
--  Ref Constraints for Table UTAK
--------------------------------------------------------

  ALTER TABLE "TRAINUSER"."UTAK" ADD CONSTRAINT "FK_UTAK_MENETREND_ID" FOREIGN KEY ("MENETREND")
	  REFERENCES "TRAINUSER"."MENETREND" ("ID") ENABLE;
  ALTER TABLE "TRAINUSER"."UTAK" ADD CONSTRAINT "FK_UTAK_SZERELVENY" FOREIGN KEY ("SZERELVENY")
	  REFERENCES "TRAINUSER"."SZERELVENY" ("ID") ENABLE;
